brand,category,condition,countryOfManufacture,dataType,description,listingType,media,name,productCategory,shoe,shortDescription,tickerSymbol,title,traits,urlKey,year,market,_tags
Panini,Trading Cards Basketball,Graded,US,product,"The Trae Young 2018-19 Panini Prizm Rookie is his most iconic base rookie card. As part of a remarkable 2018 NBA rookie class along with Luka Doncic, DeAndre Ayton, and Shai Gilgeous-Alexander, Trae is an exciting part of the NBA's future. Channeling Stephen Curry, Trae's game and playing style, centered on the three point shot, fits in seamlessly within the modern NBA. After a phenomenal second season where he scored and passed the ball at an extremely high level, Trae is an elite offensive player on a fast track to becoming one of the best point guards in recent memory. His Prizm rookie card is a great card to own going forward.",standard,"{'imageUrl': 'https://stockx.imgix.net/images/Trae-Young-2018-Panini-Prizm-Rookie-78-Frame.png?fit=fill&bg=FFFFFF&w=700&h=500&auto=format,compress&trim=color&q=90&dpr=2&updated_at=1607636434', 'smallImageUrl': 'https://stockx.imgix.net/images/Trae-Young-2018-Panini-Prizm-Rookie-78-Frame.png?fit=fill&bg=FFFFFF&w=300&h=214&auto=format,compress&trim=color&q=90&dpr=2&updated_at=1607636434', 'thumbUrl': 'https://stockx.imgix.net/images/Trae-Young-2018-Panini-Prizm-Rookie-78-Frame.png?fit=fill&bg=FFFFFF&w=140&h=100&auto=format,compress&trim=color&q=90&dpr=2&updated_at=1607636434', 'gallery': [], 'hidden': False}",Rookie #78,collectibles,Panini Rookie #78,Trae-Young-2018-Panini-Prizm-Rookie-78,PN-TY2PPR18,Trae Young 2018 Panini Prizm Rookie #78,"[{'name': 'Year', 'value': '2018', 'filterable': False, 'visible': True, 'highlight': False}, {'name': 'Set Number', 'value': '#78', 'filterable': False, 'visible': True, 'highlight': False}]",trae-young-2018-panini-prizm-rookie-78,0,"{'productId': 0, 'skuUuid': '', 'productUuid': '3b878436-0a94-4245-88be-b5ce161a09b4', 'lowestAsk': 150, 'lowestAskSize': 'PSA 8', 'parentLowestAsk': 0, 'numberOfAsks': 22, 'hasAsks': 1, 'salesThisPeriod': 2, 'salesLastPeriod': 0, 'highestBid': 1100, 'highestBidSize': 'PSA 10', 'numberOfBids': 45, 'hasBids': 1, 'annualHigh': 684, 'annualLow': 20, 'deadstockRangeLow': 372, 'deadstockRangeHigh': 790, 'volatility': 0.359685, 'deadstockSold': 379, 'pricePremium': 0, 'averageDeadstockPrice': 249, 'lastSale': 581, 'lastSaleSize': 'PSA 10', 'salesLast72Hours': 2, 'changeValue': -29, 'changePercentage': -0.047541, 'absChangePercentage': 0.047541, 'totalDollars': 94348, 'lastLowestAskTime': 1605150612, 'lastHighestBidTime': 1607570536, 'lastSaleDate': '2020-12-09T20:48:36+00:00', 'createdAt': '2019-10-01T15:15:19+00:00', 'updatedAt': 1607629740, 'deadstockSoldRank': 29, 'pricePremiumRank': 24, 'averageDeadstockPriceRank': 46, 'featured': 1}","['collectibles', 'panini', 'trading cards', 'basketball', 'atlanta hawks']"
Topps,Trading Cards Football,Graded,US,product,,standard,"{'imageUrl': 'https://stockx.imgix.net/images/Randy-Moss-1998-Topps-Chrome-Rookie-35-Frame.png?fit=fill&bg=FFFFFF&w=700&h=500&auto=format,compress&trim=color&q=90&dpr=2&updated_at=1606320963', 'smallImageUrl': 'https://stockx.imgix.net/images/Randy-Moss-1998-Topps-Chrome-Rookie-35-Frame.png?fit=fill&bg=FFFFFF&w=300&h=214&auto=format,compress&trim=color&q=90&dpr=2&updated_at=1606320963', 'thumbUrl': 'https://stockx.imgix.net/images/Randy-Moss-1998-Topps-Chrome-Rookie-35-Frame.png?fit=fill&bg=FFFFFF&w=140&h=100&auto=format,compress&trim=color&q=90&dpr=2&updated_at=1606320963', 'gallery': [], 'hidden': False}",Rookie #35,collectibles,Topps Rookie #35,Randy-Moss-1998-Topps-Chrome-Rookie-35,TP-RM1TCR98,Randy Moss 1998 Topps Chrome Rookie #35,"[{'name': 'Year', 'value': '1998', 'filterable': False, 'visible': True, 'highlight': False}, {'name': 'Set Number', 'value': '#35', 'filterable': False, 'visible': True, 'highlight': False}]",randy-moss-1998-topps-chrome-rookie-35,0,"{'productId': 0, 'skuUuid': '', 'productUuid': '8e417737-a592-4e15-ba5c-506f5e2d41b6', 'lowestAsk': 175, 'lowestAskSize': 'PSA 9', 'parentLowestAsk': 0, 'numberOfAsks': 4, 'hasAsks': 1, 'salesThisPeriod': 1, 'salesLastPeriod': 0, 'highestBid': 455, 'highestBidSize': '', 'numberOfBids': 5, 'hasBids': 1, 'annualHigh': 1000, 'annualLow': 27, 'deadstockRangeLow': 178, 'deadstockRangeHigh': 842, 'volatility': 0.650126, 'deadstockSold': 7, 'pricePremium': 0, 'averageDeadstockPrice': 449, 'lastSale': 510, 'lastSaleSize': 'PSA 10', 'salesLast72Hours': 1, 'changeValue': -490, 'changePercentage': -0.49, 'absChangePercentage': 0.49, 'totalDollars': 3142, 'lastLowestAskTime': 1606523156, 'lastHighestBidTime': 0, 'lastSaleDate': '2020-12-06T19:50:05+00:00', 'createdAt': '2019-10-01T15:15:30+00:00', 'updatedAt': 1607500881, 'deadstockSoldRank': 29, 'pricePremiumRank': 37, 'averageDeadstockPriceRank': 73, 'featured': 1}","['collectibles', 'topps', 'trading cards', 'football', 'minnesota vikings']"
Topps,Trading Cards Baseball,Graded,US,product,,standard,"{'imageUrl': 'https://stockx.imgix.net/images/Rafael-Devers-2018-Topps-Chrome-Rookie-25-Frame.png?fit=fill&bg=FFFFFF&w=700&h=500&auto=format,compress&trim=color&q=90&dpr=2&updated_at=1606320095', 'smallImageUrl': 'https://stockx.imgix.net/images/Rafael-Devers-2018-Topps-Chrome-Rookie-25-Frame.png?fit=fill&bg=FFFFFF&w=300&h=214&auto=format,compress&trim=color&q=90&dpr=2&updated_at=1606320095', 'thumbUrl': 'https://stockx.imgix.net/images/Rafael-Devers-2018-Topps-Chrome-Rookie-25-Frame.png?fit=fill&bg=FFFFFF&w=140&h=100&auto=format,compress&trim=color&q=90&dpr=2&updated_at=1606320095', 'gallery': [], 'hidden': False}",Rookie #25,collectibles,Topps Rookie #25,Rafael-Devers-2018-Topps-Chrome-Rookie-25,TP-RD2TCR18,Rafael Devers 2018 Topps Chrome Rookie #25,"[{'name': 'Year', 'value': '2018', 'filterable': False, 'visible': True, 'highlight': False}, {'name': 'Set Number', 'value': '#25', 'filterable': False, 'visible': True, 'highlight': False}]",rafael-devers-2018-topps-chrome-rookie-25,0,"{'productId': 0, 'skuUuid': '', 'productUuid': '72ab5707-0c72-49ee-b30e-a0c2bd494f94', 'lowestAsk': 75, 'lowestAskSize': 'PSA 10', 'parentLowestAsk': 0, 'numberOfAsks': 4, 'hasAsks': 1, 'salesThisPeriod': 1, 'salesLastPeriod': 0, 'highestBid': 65, 'highestBidSize': 'BGS 10B', 'numberOfBids': 4, 'hasBids': 1, 'annualHigh': 95, 'annualLow': 45, 'deadstockRangeLow': 57, 'deadstockRangeHigh': 93, 'volatility': 0.244737, 'deadstockSold': 6, 'pricePremium': 0, 'averageDeadstockPrice': 67, 'lastSale': 75, 'lastSaleSize': 'PSA 10', 'salesLast72Hours': 1, 'changeValue': 29, 'changePercentage': 0.630435, 'absChangePercentage': 0.630435, 'totalDollars': 399, 'lastLowestAskTime': 1606175619, 'lastHighestBidTime': 1607207272, 'lastSaleDate': '2020-12-09T22:25:42+00:00', 'createdAt': '2019-10-01T15:15:32+00:00', 'updatedAt': 1607600704, 'deadstockSoldRank': 94, 'pricePremiumRank': 35, 'averageDeadstockPriceRank': 58, 'featured': 1}","['collectibles', 'topps', 'trading cards', 'baseball', 'boston red sox']"
Topps,Trading Cards Baseball,Graded,US,product,"The Pete Alonso 2019 Topps Rookie #475 features the 2019 NL Rookie of the Year who blasted 53 home runs during the campaign. The card is from the 2019 Topps Series 2 release, which has a checklist that also includes rising stars, Fernando Tatis Jr., Eloy Jimenez, and Vladimir Guerrero Jr.",standard,"{'imageUrl': 'https://stockx.imgix.net/images/Pete-Alonso-2019-Topps-Rookie-475-Frame.png?fit=fill&bg=FFFFFF&w=700&h=500&auto=format,compress&trim=color&q=90&dpr=2&updated_at=1606318037', 'smallImageUrl': 'https://stockx.imgix.net/images/Pete-Alonso-2019-Topps-Rookie-475-Frame.png?fit=fill&bg=FFFFFF&w=300&h=214&auto=format,compress&trim=color&q=90&dpr=2&updated_at=1606318037', 'thumbUrl': 'https://stockx.imgix.net/images/Pete-Alonso-2019-Topps-Rookie-475-Frame.png?fit=fill&bg=FFFFFF&w=140&h=100&auto=format,compress&trim=color&q=90&dpr=2&updated_at=1606318037', 'gallery': [], 'hidden': False}",Rookie #475,collectibles,Topps Rookie #475,Pete-Alonso-2019-Topps-Rookie-475,TP-PA2TR19,Pete Alonso 2019 Topps Rookie #475,"[{'name': 'Year', 'value': '2019', 'filterable': False, 'visible': True, 'highlight': False}, {'name': 'Set Number', 'value': '#475', 'filterable': False, 'visible': True, 'highlight': False}]",pete-alonso-2019-topps-rookie-475,0,"{'productId': 0, 'skuUuid': '', 'productUuid': '65f11ed2-4b36-457f-bfda-85515f01d73b', 'lowestAsk': 18, 'lowestAskSize': 'PSA 8', 'parentLowestAsk': 0, 'numberOfAsks': 45, 'hasAsks': 1, 'salesThisPeriod': 0, 'salesLastPeriod': 0, 'highestBid': 50, 'highestBidSize': 'BGS 10B', 'numberOfBids': 6, 'hasBids': 1, 'annualHigh': 80, 'annualLow': 15, 'deadstockRangeLow': 27, 'deadstockRangeHigh': 33, 'volatility': 0.096124, 'deadstockSold': 142, 'pricePremium': 0, 'averageDeadstockPrice': 49, 'lastSale': 30, 'lastSaleSize': 'PSA 9', 'salesLast72Hours': 0, 'changeValue': 2, 'changePercentage': 0.071429, 'absChangePercentage': 0.071429, 'totalDollars': 6930, 'lastLowestAskTime': 1607591967, 'lastHighestBidTime': 1606068413, 'lastSaleDate': '2020-11-29T23:58:54+00:00', 'createdAt': '2019-10-01T15:15:33+00:00', 'updatedAt': 1607626407, 'deadstockSoldRank': 94, 'pricePremiumRank': 87, 'averageDeadstockPriceRank': 47, 'featured': 1}","['collectibles', 'topps', 'trading cards', 'baseball', 'new york mets']"
Topps,Trading Cards Baseball,Graded,US,product,The Mookie Betts 2014 Topps Update Rookie Batting #214 is part of the 330 base card checklist in the set. The card has risen in value since Mookie Betts signed with the Dodgers for the 2020 season joining a stacked line up that includes the 2019 NL MVP Cody Bellinger. The 2014 Topps Update set also includes rookie cards for fellow all stars Jacob deGrom and George Springer.,standard,"{'imageUrl': 'https://stockx.imgix.net/images/Mookie-Betts-2014-Topps-Update-Rookie-Batting-US26-Frame.png?fit=fill&bg=FFFFFF&w=700&h=500&auto=format,compress&trim=color&q=90&dpr=2&updated_at=1606324139', 'smallImageUrl': 'https://stockx.imgix.net/images/Mookie-Betts-2014-Topps-Update-Rookie-Batting-US26-Frame.png?fit=fill&bg=FFFFFF&w=300&h=214&auto=format,compress&trim=color&q=90&dpr=2&updated_at=1606324139', 'thumbUrl': 'https://stockx.imgix.net/images/Mookie-Betts-2014-Topps-Update-Rookie-Batting-US26-Frame.png?fit=fill&bg=FFFFFF&w=140&h=100&auto=format,compress&trim=color&q=90&dpr=2&updated_at=1606324139', 'gallery': [], 'hidden': False}",Rookie Batting #US26,collectibles,Topps Rookie Batting #US26,Mookie-Betts-2014-Topps-Update-Rookie-Batting-US26,TP-MB2TURBU14,Mookie Betts 2014 Topps Update Rookie Batting #US26,"[{'name': 'Year', 'value': '2014', 'filterable': False, 'visible': True, 'highlight': False}, {'name': 'Set Number', 'value': '#US26', 'filterable': False, 'visible': True, 'highlight': False}]",mookie-betts-2014-topps-update-rookie-batting-us26,0,"{'productId': 0, 'skuUuid': '', 'productUuid': '582ee9c9-01e3-4e13-beeb-5f14fd61721b', 'lowestAsk': 55, 'lowestAskSize': 'PSA 7', 'parentLowestAsk': 0, 'numberOfAsks': 5, 'hasAsks': 1, 'salesThisPeriod': 0, 'salesLastPeriod': 0, 'highestBid': 250, 'highestBidSize': 'PSA 10', 'numberOfBids': 5, 'hasBids': 1, 'annualHigh': 771, 'annualLow': 50, 'deadstockRangeLow': 7, 'deadstockRangeHigh': 313, 'volatility': 0.959269, 'deadstockSold': 65, 'pricePremium': 0, 'averageDeadstockPrice': 337, 'lastSale': 160, 'lastSaleSize': 'PSA 9', 'salesLast72Hours': 0, 'changeValue': -325, 'changePercentage': -0.670103, 'absChangePercentage': 0.670103, 'totalDollars': 21896, 'lastLowestAskTime': 1606928700, 'lastHighestBidTime': 1603856925, 'lastSaleDate': '2020-10-28T22:42:24+00:00', 'createdAt': '2019-10-01T15:15:37+00:00', 'updatedAt': 1607479713, 'deadstockSoldRank': 3, 'pricePremiumRank': 44, 'averageDeadstockPriceRank': 6, 'featured': 1}","['collectibles', 'topps', 'trading cards', 'baseball', 'boston red sox']"
Panini,Trading Cards Basketball,Graded,US,product,"The Trae Young 2018 Prizm Silver Rookie is the sharpshooter's most popular unnumbered Prizm parallel. Starting in 2012, silver prizms have a history and longetivity that most other Prizm parallels do not. As part of a remarkable 2018 NBA rookie class along with Luka Doncic, DeAndre Ayton, and Shai Gilgeous-Alexander, Trae is an exciting part of the NBA's future. Channeling Stephen Curry, Trae's game and playing style, centered on the three point shot, fits in seamlessly within the modern NBA. After a phenomenal second season where he scored and passed the ball at an extremely high level, Trae is an elite offensive player on a fast track to becoming one of the best point guards in recent memory. His Prizm rookie card is a great card to own going forward.",standard,"{'imageUrl': 'https://stockx.imgix.net/images/Trae-Young-2018-Panini-Prizm-Rookie-Silver-78-Frame.png?fit=fill&bg=FFFFFF&w=700&h=500&auto=format,compress&trim=color&q=90&dpr=2&updated_at=1606322725', 'smallImageUrl': 'https://stockx.imgix.net/images/Trae-Young-2018-Panini-Prizm-Rookie-Silver-78-Frame.png?fit=fill&bg=FFFFFF&w=300&h=214&auto=format,compress&trim=color&q=90&dpr=2&updated_at=1606322725', 'thumbUrl': 'https://stockx.imgix.net/images/Trae-Young-2018-Panini-Prizm-Rookie-Silver-78-Frame.png?fit=fill&bg=FFFFFF&w=140&h=100&auto=format,compress&trim=color&q=90&dpr=2&updated_at=1606322725', 'gallery': [], 'hidden': False}",Rookie Silver #78,collectibles,Panini Rookie Silver #78,Trae-Young-2018-Panini-Prizm-Rookie-Silver-78,PN-TY2PPRS18,Trae Young 2018 Panini Prizm Rookie Silver #78,"[{'name': 'Year', 'value': '2018', 'filterable': False, 'visible': True, 'highlight': False}, {'name': 'Set Number', 'value': '#78', 'filterable': False, 'visible': True, 'highlight': False}]",trae-young-2018-panini-prizm-rookie-silver-78,0,"{'productId': 0, 'skuUuid': '', 'productUuid': '0389547c-8242-4789-8db4-c12d79fabe4d', 'lowestAsk': 838, 'lowestAskSize': 'PSA 9', 'parentLowestAsk': 0, 'numberOfAsks': 8, 'hasAsks': 1, 'salesThisPeriod': 0, 'salesLastPeriod': 0, 'highestBid': 2500, 'highestBidSize': 'PSA 10', 'numberOfBids': 16, 'hasBids': 1, 'annualHigh': 2498, 'annualLow': 170, 'deadstockRangeLow': 109, 'deadstockRangeHigh': 1391, 'volatility': 0.855157, 'deadstockSold': 44, 'pricePremium': 0, 'averageDeadstockPrice': 838, 'lastSale': 750, 'lastSaleSize': 'PSA 9', 'salesLast72Hours': 0, 'changeValue': -18, 'changePercentage': -0.023438, 'absChangePercentage': 0.023438, 'totalDollars': 36894, 'lastLowestAskTime': 1607442061, 'lastHighestBidTime': 1607363909, 'lastSaleDate': '2020-11-29T18:31:22+00:00', 'createdAt': '2019-10-01T15:15:19+00:00', 'updatedAt': 1607635892, 'deadstockSoldRank': 92, 'pricePremiumRank': 0, 'averageDeadstockPriceRank': 25, 'featured': 1}","['collectibles', 'panini', 'trading cards', 'basketball', 'atlanta hawks']"
Topps,Trading Cards Baseball,Graded,US,product,The Juan Soto 2018 Topps Heritage Rookie #502 is modeled after the design of the 1969 Topps baseball set. This card has continued to rise in value as Juan Soto has continued to establish himself as a star in the 2020 season after helping to lead the Washington Nationals to the 2019 World Series title. The card is included in the Heritage High numbered set which also includes a topps baseball rookie card for fellow National League stand out Ronald Acuna Jr.,standard,"{'imageUrl': 'https://stockx.imgix.net/images/Juan-Soto-2018-Topps-Heritage-Rookie-502-Frame.png?fit=fill&bg=FFFFFF&w=700&h=500&auto=format,compress&trim=color&q=90&dpr=2&updated_at=1606318129', 'smallImageUrl': 'https://stockx.imgix.net/images/Juan-Soto-2018-Topps-Heritage-Rookie-502-Frame.png?fit=fill&bg=FFFFFF&w=300&h=214&auto=format,compress&trim=color&q=90&dpr=2&updated_at=1606318129', 'thumbUrl': 'https://stockx.imgix.net/images/Juan-Soto-2018-Topps-Heritage-Rookie-502-Frame.png?fit=fill&bg=FFFFFF&w=140&h=100&auto=format,compress&trim=color&q=90&dpr=2&updated_at=1606318129', 'gallery': [], 'hidden': False}",Rookie #502,collectibles,Topps Rookie #502,Juan-Soto-2018-Topps-Heritage-Rookie-502,TP-JS2THR18,Juan Soto 2018 Topps Heritage Rookie #502,"[{'name': 'Year', 'value': '2018', 'filterable': False, 'visible': True, 'highlight': False}, {'name': 'Set Number', 'value': '#502', 'filterable': False, 'visible': True, 'highlight': False}]",juan-soto-2018-topps-heritage-rookie-502,0,"{'productId': 0, 'skuUuid': '', 'productUuid': 'ecd3ab00-8b97-4695-b309-9806124da827', 'lowestAsk': 70, 'lowestAskSize': 'PSA 9', 'parentLowestAsk': 0, 'numberOfAsks': 7, 'hasAsks': 1, 'salesThisPeriod': 0, 'salesLastPeriod': 0, 'highestBid': 61, 'highestBidSize': 'PSA 10', 'numberOfBids': 7, 'hasBids': 1, 'annualHigh': 130, 'annualLow': 24, 'deadstockRangeLow': 8, 'deadstockRangeHigh': 62, 'volatility': 0.769438, 'deadstockSold': 36, 'pricePremium': 0, 'averageDeadstockPrice': 65, 'lastSale': 35, 'lastSaleSize': 'PSA 9', 'salesLast72Hours': 0, 'changeValue': -30, 'changePercentage': -0.461538, 'absChangePercentage': 0.461538, 'totalDollars': 2350, 'lastLowestAskTime': 1604012052, 'lastHighestBidTime': 1607314152, 'lastSaleDate': '2020-11-26T03:40:08+00:00', 'createdAt': '2019-10-01T15:15:53+00:00', 'updatedAt': 1607600705, 'deadstockSoldRank': 46, 'pricePremiumRank': 18, 'averageDeadstockPriceRank': 89, 'featured': 1}","['collectibles', 'topps', 'trading cards', 'baseball', 'washington nationals']"
Topps,Trading Cards Baseball,Graded,US,product,,standard,"{'imageUrl': 'https://stockx.imgix.net/images/Aaron-Judge-2017-Topps-Rookie-Catching-287-Frame.png?fit=fill&bg=FFFFFF&w=700&h=500&auto=format,compress&trim=color&q=90&dpr=2&updated_at=1606322070', 'smallImageUrl': 'https://stockx.imgix.net/images/Aaron-Judge-2017-Topps-Rookie-Catching-287-Frame.png?fit=fill&bg=FFFFFF&w=300&h=214&auto=format,compress&trim=color&q=90&dpr=2&updated_at=1606322070', 'thumbUrl': 'https://stockx.imgix.net/images/Aaron-Judge-2017-Topps-Rookie-Catching-287-Frame.png?fit=fill&bg=FFFFFF&w=140&h=100&auto=format,compress&trim=color&q=90&dpr=2&updated_at=1606322070', 'gallery': [], 'hidden': False}",Rookie Catching #287,collectibles,Topps Rookie Catching #287,Aaron-Judge-2017-Topps-Rookie-Catching-287,TP-AJ2TRC17,Aaron Judge 2017 Topps Rookie Catching #287,"[{'name': 'Year', 'value': '2017', 'filterable': False, 'visible': True, 'highlight': False}, {'name': 'Set Number', 'value': '#287', 'filterable': False, 'visible': True, 'highlight': False}, {'name': 'Team', 'value': 'New York Yankees', 'filterable': True, 'visible': True, 'highlight': False}]",aaron-judge-2017-topps-rookie-catching-287,0,"{'productId': 0, 'skuUuid': '', 'productUuid': 'a91400ce-d424-4146-925c-8a83ed1bab86', 'lowestAsk': 90, 'lowestAskSize': 'BGS 9', 'parentLowestAsk': 0, 'numberOfAsks': 8, 'hasAsks': 1, 'salesThisPeriod': 0, 'salesLastPeriod': 0, 'highestBid': 105, 'highestBidSize': 'PSA 10', 'numberOfBids': 4, 'hasBids': 1, 'annualHigh': 245, 'annualLow': 30, 'deadstockRangeLow': 37, 'deadstockRangeHigh': 165, 'volatility': 0.631539, 'deadstockSold': 27, 'pricePremium': 0, 'averageDeadstockPrice': 124, 'lastSale': 101, 'lastSaleSize': 'PSA 10', 'salesLast72Hours': 0, 'changeValue': 71, 'changePercentage': 2.36667, 'absChangePercentage': 2.36667, 'totalDollars': 3336, 'lastLowestAskTime': 1606778975, 'lastHighestBidTime': 1607389836, 'lastSaleDate': '2020-11-30T17:57:01+00:00', 'createdAt': '2019-10-01T15:16:22+00:00', 'updatedAt': 1607601175, 'deadstockSoldRank': 57, 'pricePremiumRank': 73, 'averageDeadstockPriceRank': 84, 'featured': 1}","['collectibles', 'topps', 'trading cards', 'baseball', 'new york yankees', 'team|new york yankees']"
Topps,Trading Cards Baseball,Graded,US,product,,standard,"{'imageUrl': 'https://stockx.imgix.net/images/Aaron-Judge-2017-Topps-Chrome-Update-Rookie-HMT50-Frame.png?fit=fill&bg=FFFFFF&w=700&h=500&auto=format,compress&trim=color&q=90&dpr=2&updated_at=1606320706', 'smallImageUrl': 'https://stockx.imgix.net/images/Aaron-Judge-2017-Topps-Chrome-Update-Rookie-HMT50-Frame.png?fit=fill&bg=FFFFFF&w=300&h=214&auto=format,compress&trim=color&q=90&dpr=2&updated_at=1606320706', 'thumbUrl': 'https://stockx.imgix.net/images/Aaron-Judge-2017-Topps-Chrome-Update-Rookie-HMT50-Frame.png?fit=fill&bg=FFFFFF&w=140&h=100&auto=format,compress&trim=color&q=90&dpr=2&updated_at=1606320706', 'gallery': [], 'hidden': False}",Rookie #HMT50,collectibles,Topps Rookie #HMT50,Aaron-Judge-2017-Topps-Chrome-Update-Rookie-HMT50,TOP-AJ2017CUR50,Aaron Judge 2017 Topps Chrome Update Rookie #HMT50,"[{'name': 'Year', 'value': '2017', 'filterable': False, 'visible': True, 'highlight': False}, {'name': 'Set Number', 'value': '#HMT50', 'filterable': False, 'visible': True, 'highlight': False}, {'name': 'Team', 'value': 'New York Yankees', 'filterable': True, 'visible': True, 'highlight': False}]",aaron-judge-2017-topps-chrome-update-rookie-hmt50,0,"{'productId': 0, 'skuUuid': '', 'productUuid': '0e7ab87e-fa43-4638-b1b5-9bcc95532d5b', 'lowestAsk': 85, 'lowestAskSize': 'PSA 10', 'parentLowestAsk': 0, 'numberOfAsks': 5, 'hasAsks': 1, 'salesThisPeriod': 0, 'salesLastPeriod': 0, 'highestBid': 75, 'highestBidSize': 'PSA 10', 'numberOfBids': 3, 'hasBids': 1, 'annualHigh': 140, 'annualLow': 30, 'deadstockRangeLow': 119, 'deadstockRangeHigh': 141, 'volatility': 0.083646, 'deadstockSold': 22, 'pricePremium': 0, 'averageDeadstockPrice': 94, 'lastSale': 130, 'lastSaleSize': 'PSA 10', 'salesLast72Hours': 0, 'changeValue': 1, 'changePercentage': 0.007752, 'absChangePercentage': 0.007752, 'totalDollars': 2068, 'lastLowestAskTime': 1607032129, 'lastHighestBidTime': 1605050896, 'lastSaleDate': '2020-10-24T13:50:09+00:00', 'createdAt': '2019-10-01T15:16:22+00:00', 'updatedAt': 1607601213, 'deadstockSoldRank': 71, 'pricePremiumRank': 45, 'averageDeadstockPriceRank': 75, 'featured': 1}","['collectibles', 'topps', 'trading cards', 'baseball', 'new york yankees', 'team|new york yankees']"
Topps,Trading Cards Baseball,Graded,US,product,,standard,"{'imageUrl': 'https://stockx.imgix.net/images/Ronald-Acuna-Jr-2018-Topps-Heritage-Rookie-580-Frame.png?fit=fill&bg=FFFFFF&w=700&h=500&auto=format,compress&trim=color&q=90&dpr=2&updated_at=1606317532', 'smallImageUrl': 'https://stockx.imgix.net/images/Ronald-Acuna-Jr-2018-Topps-Heritage-Rookie-580-Frame.png?fit=fill&bg=FFFFFF&w=300&h=214&auto=format,compress&trim=color&q=90&dpr=2&updated_at=1606317532', 'thumbUrl': 'https://stockx.imgix.net/images/Ronald-Acuna-Jr-2018-Topps-Heritage-Rookie-580-Frame.png?fit=fill&bg=FFFFFF&w=140&h=100&auto=format,compress&trim=color&q=90&dpr=2&updated_at=1606317532', 'gallery': [], 'hidden': False}",Rookie #580,collectibles,Topps Rookie #580,Ronald-Acuna-Jr-2018-Topps-Heritage-Rookie-580,TP-RAJ2THR18,Ronald Acuna Jr. 2018 Topps Heritage Rookie #580,"[{'name': 'Year', 'value': '2018', 'filterable': False, 'visible': True, 'highlight': False}, {'name': 'Set Number', 'value': '#580', 'filterable': False, 'visible': True, 'highlight': False}]",ronald-acuna-jr-2018-topps-heritage-rookie-580,0,"{'productId': 0, 'skuUuid': '', 'productUuid': '63ba447c-68c8-4ef3-9e23-17fe0d326234', 'lowestAsk': 40, 'lowestAskSize': 'PSA 10', 'parentLowestAsk': 0, 'numberOfAsks': 6, 'hasAsks': 1, 'salesThisPeriod': 0, 'salesLastPeriod': 0, 'highestBid': 35, 'highestBidSize': 'PSA 10', 'numberOfBids': 3, 'hasBids': 1, 'annualHigh': 94, 'annualLow': 34, 'deadstockRangeLow': 57, 'deadstockRangeHigh': 103, 'volatility': 0.292712, 'deadstockSold': 19, 'pricePremium': 0, 'averageDeadstockPrice': 63, 'lastSale': 80, 'lastSaleSize': 'PSA 10', 'salesLast72Hours': 0, 'changeValue': 15, 'changePercentage': 0.230769, 'absChangePercentage': 0.230769, 'totalDollars': 1194, 'lastLowestAskTime': 1605435378, 'lastHighestBidTime': 1607314791, 'lastSaleDate': '2020-12-04T17:00:25+00:00', 'createdAt': '2019-10-01T15:15:27+00:00', 'updatedAt': 1607582604, 'deadstockSoldRank': 33, 'pricePremiumRank': 30, 'averageDeadstockPriceRank': 2, 'featured': 1}","['collectibles', 'topps', 'trading cards', 'baseball', 'atlanta braves']"
Panini,Trading Cards Football,Graded,US,product,"The Deshaun Watson 2017 Prizm Rookie is Watson’s best base rookie. In 2017 Prizm, all rookies were silvers so there is not a base and silver parallel of this card. Watson won an NCAA championship while at Clemson and was taken as the 3rd Quarterback in the 1st round of the 2017 NFL draft. Watson spent most of his rookie year injured while impressing when he was on the field. He fits the modern mold of big, athletic quarterbacks and can really air out the ball.",standard,"{'imageUrl': 'https://stockx.imgix.net/images/Deshaun-Watson-2017-Panini-Prizm-Rookie-279-Frame.png?fit=fill&bg=FFFFFF&w=700&h=500&auto=format,compress&trim=color&q=90&dpr=2&updated_at=1606316177', 'smallImageUrl': 'https://stockx.imgix.net/images/Deshaun-Watson-2017-Panini-Prizm-Rookie-279-Frame.png?fit=fill&bg=FFFFFF&w=300&h=214&auto=format,compress&trim=color&q=90&dpr=2&updated_at=1606316177', 'thumbUrl': 'https://stockx.imgix.net/images/Deshaun-Watson-2017-Panini-Prizm-Rookie-279-Frame.png?fit=fill&bg=FFFFFF&w=140&h=100&auto=format,compress&trim=color&q=90&dpr=2&updated_at=1606316177', 'gallery': [], 'hidden': False}",Rookie #279,collectibles,Panini Rookie #279,Deshaun-Watson-2017-Panini-Prizm-Rookie-279,PN-DW2PPR17,Deshaun Watson 2017 Panini Prizm Rookie #279,"[{'name': 'Year', 'value': '2017', 'filterable': False, 'visible': True, 'highlight': False}, {'name': 'Set Number', 'value': '#279', 'filterable': False, 'visible': True, 'highlight': False}]",deshaun-watson-2017-panini-prizm-rookie-279,0,"{'productId': 0, 'skuUuid': '', 'productUuid': 'bbc4dd6b-fd15-43c9-bffc-a8ee03a1773a', 'lowestAsk': 220, 'lowestAskSize': 'PSA 9', 'parentLowestAsk': 0, 'numberOfAsks': 15, 'hasAsks': 1, 'salesThisPeriod': 0, 'salesLastPeriod': 0, 'highestBid': 390, 'highestBidSize': 'PSA 10', 'numberOfBids': 7, 'hasBids': 1, 'annualHigh': 995, 'annualLow': 75, 'deadstockRangeLow': 0, 'deadstockRangeHigh': 477, 'volatility': 1.38536, 'deadstockSold': 17, 'pricePremium': 0, 'averageDeadstockPrice': 436, 'lastSale': 200, 'lastSaleSize': 'PSA 9', 'salesLast72Hours': 0, 'changeValue': -401, 'changePercentage': -0.667221, 'absChangePercentage': 0.667221, 'totalDollars': 7410, 'lastLowestAskTime': 1607492439, 'lastHighestBidTime': 1606964343, 'lastSaleDate': '2020-11-05T05:32:50+00:00', 'createdAt': '2019-10-01T15:16:06+00:00', 'updatedAt': 1607634693, 'deadstockSoldRank': 60, 'pricePremiumRank': 5, 'averageDeadstockPriceRank': 43, 'featured': 1}","['collectibles', 'panini', 'trading cards', 'football', 'houston texans']"
Topps,Trading Cards Football,Graded,US,product,,standard,"{'imageUrl': 'https://stockx.imgix.net/images/Peyton-Manning-1998-Topps-Chrome-Rookie-165-Frame.png?fit=fill&bg=FFFFFF&w=700&h=500&auto=format,compress&trim=color&q=90&dpr=2&updated_at=1606316573', 'smallImageUrl': 'https://stockx.imgix.net/images/Peyton-Manning-1998-Topps-Chrome-Rookie-165-Frame.png?fit=fill&bg=FFFFFF&w=300&h=214&auto=format,compress&trim=color&q=90&dpr=2&updated_at=1606316573', 'thumbUrl': 'https://stockx.imgix.net/images/Peyton-Manning-1998-Topps-Chrome-Rookie-165-Frame.png?fit=fill&bg=FFFFFF&w=140&h=100&auto=format,compress&trim=color&q=90&dpr=2&updated_at=1606316573', 'gallery': [], 'hidden': False}",Rookie #165,collectibles,Topps Rookie #165,Peyton-Manning-1998-Topps-Chrome-Rookie-165,TP-PM1TCR98,Peyton Manning 1998 Topps Chrome Rookie #165,"[{'name': 'Year', 'value': '1998', 'filterable': False, 'visible': True, 'highlight': False}, {'name': 'Set Number', 'value': '#165', 'filterable': False, 'visible': True, 'highlight': False}]",peyton-manning-1998-topps-chrome-rookie-165,0,"{'productId': 0, 'skuUuid': '', 'productUuid': '7fa3703c-f289-451a-b6c4-fefe0a7fcb8a', 'lowestAsk': 425, 'lowestAskSize': 'PSA 8', 'parentLowestAsk': 0, 'numberOfAsks': 5, 'hasAsks': 1, 'salesThisPeriod': 0, 'salesLastPeriod': 0, 'highestBid': 1501, 'highestBidSize': 'PSA 10', 'numberOfBids': 4, 'hasBids': 1, 'annualHigh': 4100, 'annualLow': 115, 'deadstockRangeLow': 0, 'deadstockRangeHigh': 1388, 'volatility': 3.62672, 'deadstockSold': 15, 'pricePremium': 0, 'averageDeadstockPrice': 720, 'lastSale': 300, 'lastSaleSize': 'BGS 8.5', 'salesLast72Hours': 0, 'changeValue': -3800, 'changePercentage': -0.926829, 'absChangePercentage': 0.926829, 'totalDollars': 10806, 'lastLowestAskTime': 1607299504, 'lastHighestBidTime': 1606906193, 'lastSaleDate': '2020-11-14T23:21:21+00:00', 'createdAt': '2019-10-01T15:15:32+00:00', 'updatedAt': 1607628537, 'deadstockSoldRank': 19, 'pricePremiumRank': 86, 'averageDeadstockPriceRank': 43, 'featured': 1}","['collectibles', 'topps', 'trading cards', 'football', 'indianapolis colts']"
Topps,Trading Cards Baseball,Graded,US,product,,standard,"{'imageUrl': 'https://stockx.imgix.net/images/Bryce-Harper-2012-Topps-Update-Rookie-US183-Frame.png?fit=fill&bg=FFFFFF&w=700&h=500&auto=format,compress&trim=color&q=90&dpr=2&updated_at=1606315610', 'smallImageUrl': 'https://stockx.imgix.net/images/Bryce-Harper-2012-Topps-Update-Rookie-US183-Frame.png?fit=fill&bg=FFFFFF&w=300&h=214&auto=format,compress&trim=color&q=90&dpr=2&updated_at=1606315610', 'thumbUrl': 'https://stockx.imgix.net/images/Bryce-Harper-2012-Topps-Update-Rookie-US183-Frame.png?fit=fill&bg=FFFFFF&w=140&h=100&auto=format,compress&trim=color&q=90&dpr=2&updated_at=1606315610', 'gallery': [], 'hidden': False}",Rookie #US183,collectibles,Topps Rookie #US183,Bryce-Harper-2012-Topps-Update-Rookie-US183,TP-BH2TURU12,Bryce Harper 2012 Topps Update Rookie #US183,"[{'name': 'Year', 'value': '2012', 'filterable': False, 'visible': True, 'highlight': False}, {'name': 'Set Number', 'value': '#US183', 'filterable': False, 'visible': True, 'highlight': False}, {'name': 'Team', 'value': 'Washington Nationals', 'filterable': True, 'visible': True, 'highlight': False}]",bryce-harper-2012-topps-update-rookie-us183,0,"{'productId': 0, 'skuUuid': '', 'productUuid': '91270300-024e-480b-b526-60fdcc6a4e26', 'lowestAsk': 80, 'lowestAskSize': 'PSA 9', 'parentLowestAsk': 0, 'numberOfAsks': 6, 'hasAsks': 1, 'salesThisPeriod': 0, 'salesLastPeriod': 0, 'highestBid': 125, 'highestBidSize': 'PSA 10', 'numberOfBids': 3, 'hasBids': 1, 'annualHigh': 250, 'annualLow': 60, 'deadstockRangeLow': 138, 'deadstockRangeHigh': 262, 'volatility': 0.308973, 'deadstockSold': 14, 'pricePremium': 0, 'averageDeadstockPrice': 143, 'lastSale': 200, 'lastSaleSize': 'PSA 10', 'salesLast72Hours': 0, 'changeValue': -50, 'changePercentage': -0.2, 'absChangePercentage': 0.2, 'totalDollars': 2005, 'lastLowestAskTime': 1606332307, 'lastHighestBidTime': 1601224589, 'lastSaleDate': '2020-09-23T12:58:32+00:00', 'createdAt': '2019-10-01T15:16:13+00:00', 'updatedAt': 1606713510, 'deadstockSoldRank': 85, 'pricePremiumRank': 46, 'averageDeadstockPriceRank': 43, 'featured': 1}","['collectibles', 'topps', 'trading cards', 'baseball', 'washington nationals', 'team|washington nationals']"
Topps,Trading Cards Basketball,Graded,US,product,,standard,"{'imageUrl': 'https://stockx.imgix.net/images/Allen-Iverson-1996-Topps-Chrome-Rookie-171-Frame.png?fit=fill&bg=FFFFFF&w=700&h=500&auto=format,compress&trim=color&q=90&dpr=2&updated_at=1606315720', 'smallImageUrl': 'https://stockx.imgix.net/images/Allen-Iverson-1996-Topps-Chrome-Rookie-171-Frame.png?fit=fill&bg=FFFFFF&w=300&h=214&auto=format,compress&trim=color&q=90&dpr=2&updated_at=1606315720', 'thumbUrl': 'https://stockx.imgix.net/images/Allen-Iverson-1996-Topps-Chrome-Rookie-171-Frame.png?fit=fill&bg=FFFFFF&w=140&h=100&auto=format,compress&trim=color&q=90&dpr=2&updated_at=1606315720', 'gallery': [], 'hidden': False}",Rookie #171,collectibles,Topps Rookie #171,Allen-Iverson-1996-Topps-Chrome-Rookie-171,TP-AI1TCR96,Allen Iverson 1996 Topps Chrome Rookie #171,"[{'name': 'Year', 'value': '1996', 'filterable': False, 'visible': True, 'highlight': False}, {'name': 'Set Number', 'value': '#171', 'filterable': False, 'visible': True, 'highlight': False}, {'name': 'Team', 'value': 'Philadelphia 76ers', 'filterable': True, 'visible': True, 'highlight': False}]",allen-iverson-1996-topps-chrome-rookie-171,0,"{'productId': 0, 'skuUuid': '', 'productUuid': '193f2af5-0222-4c85-a5bb-4b6bf2f7097d', 'lowestAsk': 500, 'lowestAskSize': 'PSA 9', 'parentLowestAsk': 0, 'numberOfAsks': 6, 'hasAsks': 1, 'salesThisPeriod': 0, 'salesLastPeriod': 0, 'highestBid': 1000, 'highestBidSize': 'PSA 10', 'numberOfBids': 3, 'hasBids': 1, 'annualHigh': 2200, 'annualLow': 275, 'deadstockRangeLow': 87, 'deadstockRangeHigh': 1513, 'volatility': 0.890882, 'deadstockSold': 9, 'pricePremium': 0, 'averageDeadstockPrice': 800, 'lastSale': 800, 'lastSaleSize': 'BGS 9.5', 'salesLast72Hours': 0, 'changeValue': 475, 'changePercentage': 1.46154, 'absChangePercentage': 1.46154, 'totalDollars': 7203, 'lastLowestAskTime': 1605990151, 'lastHighestBidTime': 1604887964, 'lastSaleDate': '2020-10-13T02:26:02+00:00', 'createdAt': '2019-10-01T15:16:20+00:00', 'updatedAt': 1607601216, 'deadstockSoldRank': 96, 'pricePremiumRank': 40, 'averageDeadstockPriceRank': 59, 'featured': 1}","['collectibles', 'topps', 'trading cards', 'basketball', 'philadelphia 76ers', 'team|philadelphia 76ers']"
Topps,Trading Cards Baseball,Graded,US,product,"The Don Mattingly 1984 Topps Rookie is from the 1984 Topps set highlighted by the action shot on the front accompanied but a close-up head shot. Donnie Baseball is on the long list of players to win an AL MVP as a member of the Yankees where he spent his entire 14 year career. Matingly drove in over 1,000 runs while maintaining a career batting average over .300. Post playing career, Mattingly has gone on to manage the Los Angeles Dodgers and Miami Marlins.",standard,"{'imageUrl': 'https://stockx.imgix.net/images/Don-Mattingly-1984-Topps-Rookie-8-Frame.png?fit=fill&bg=FFFFFF&w=700&h=500&auto=format,compress&trim=color&q=90&dpr=2&updated_at=1606317887', 'smallImageUrl': 'https://stockx.imgix.net/images/Don-Mattingly-1984-Topps-Rookie-8-Frame.png?fit=fill&bg=FFFFFF&w=300&h=214&auto=format,compress&trim=color&q=90&dpr=2&updated_at=1606317887', 'thumbUrl': 'https://stockx.imgix.net/images/Don-Mattingly-1984-Topps-Rookie-8-Frame.png?fit=fill&bg=FFFFFF&w=140&h=100&auto=format,compress&trim=color&q=90&dpr=2&updated_at=1606317887', 'gallery': [], 'hidden': False}",Rookie #8,collectibles,Topps Rookie #8,Don-Mattingly-1984-Topps-Rookie-8,TOP-DM1984R8,Don Mattingly 1984 Topps Rookie #8,"[{'name': 'Year', 'value': '1984', 'filterable': False, 'visible': True, 'highlight': False}, {'name': 'Set Number', 'value': '#8', 'filterable': False, 'visible': True, 'highlight': False}]",don-mattingly-1984-topps-rookie-8,0,"{'productId': 0, 'skuUuid': '', 'productUuid': 'e7f44013-ba21-4a0c-80d0-117375b9e436', 'lowestAsk': 70, 'lowestAskSize': 'PSA 7', 'parentLowestAsk': 0, 'numberOfAsks': 2, 'hasAsks': 1, 'salesThisPeriod': 0, 'salesLastPeriod': 0, 'highestBid': 50, 'highestBidSize': 'PSA 9', 'numberOfBids': 2, 'hasBids': 1, 'annualHigh': 80, 'annualLow': 29, 'deadstockRangeLow': 10, 'deadstockRangeHigh': 50, 'volatility': 0.653386, 'deadstockSold': 9, 'pricePremium': 0, 'averageDeadstockPrice': 44, 'lastSale': 30, 'lastSaleSize': 'PSA 5', 'salesLast72Hours': 0, 'changeValue': 0, 'changePercentage': 0, 'absChangePercentage': 0, 'totalDollars': 396, 'lastLowestAskTime': 1583987036, 'lastHighestBidTime': 1606600179, 'lastSaleDate': '2020-11-27T22:07:09+00:00', 'createdAt': '2019-10-01T15:16:05+00:00', 'updatedAt': 1607459233, 'deadstockSoldRank': 61, 'pricePremiumRank': 7, 'averageDeadstockPriceRank': 3, 'featured': 1}","['collectibles', 'topps', 'trading cards', 'baseball', 'new york yankees']"
Topps,Trading Cards Baseball,Graded,US,product,,standard,"{'imageUrl': 'https://stockx.imgix.net/images/Bryce-Harper-2012-Topps-Rookie-Screaming-661-Frame.png?fit=fill&bg=FFFFFF&w=700&h=500&auto=format,compress&trim=color&q=90&dpr=2&updated_at=1606317395', 'smallImageUrl': 'https://stockx.imgix.net/images/Bryce-Harper-2012-Topps-Rookie-Screaming-661-Frame.png?fit=fill&bg=FFFFFF&w=300&h=214&auto=format,compress&trim=color&q=90&dpr=2&updated_at=1606317395', 'thumbUrl': 'https://stockx.imgix.net/images/Bryce-Harper-2012-Topps-Rookie-Screaming-661-Frame.png?fit=fill&bg=FFFFFF&w=140&h=100&auto=format,compress&trim=color&q=90&dpr=2&updated_at=1606317395', 'gallery': [], 'hidden': False}",Rookie Screaming #661,collectibles,Topps Rookie Screaming #661,Bryce-Harper-2012-Topps-Rookie-Screaming-661,TP-BH2TRS12,Bryce Harper 2012 Topps Rookie Screaming #661,"[{'name': 'Year', 'value': '2012', 'filterable': False, 'visible': True, 'highlight': False}, {'name': 'Set Number', 'value': '#661', 'filterable': False, 'visible': True, 'highlight': False}, {'name': 'Team', 'value': 'Washington Nationals', 'filterable': True, 'visible': True, 'highlight': False}]",bryce-harper-2012-topps-rookie-screaming-661,0,"{'productId': 0, 'skuUuid': '', 'productUuid': '4f50d855-5b63-4681-9180-ac05b3398135', 'lowestAsk': 220, 'lowestAskSize': 'PSA 9', 'parentLowestAsk': 0, 'numberOfAsks': 3, 'hasAsks': 1, 'salesThisPeriod': 0, 'salesLastPeriod': 0, 'highestBid': 0, 'highestBidSize': '', 'numberOfBids': 0, 'hasBids': 0, 'annualHigh': 150, 'annualLow': 45, 'deadstockRangeLow': 109, 'deadstockRangeHigh': 191, 'volatility': 0.271279, 'deadstockSold': 8, 'pricePremium': 0, 'averageDeadstockPrice': 79, 'lastSale': 150, 'lastSaleSize': 'PSA 10', 'salesLast72Hours': 0, 'changeValue': 30, 'changePercentage': 0.25, 'absChangePercentage': 0.25, 'totalDollars': 630, 'lastLowestAskTime': 1607029718, 'lastHighestBidTime': 0, 'lastSaleDate': '2020-08-25T05:47:27+00:00', 'createdAt': '2019-10-01T15:16:13+00:00', 'updatedAt': 1607365357, 'deadstockSoldRank': 63, 'pricePremiumRank': 65, 'averageDeadstockPriceRank': 66, 'featured': 1}","['collectibles', 'topps', 'trading cards', 'baseball', 'washington nationals', 'team|washington nationals']"
Topps,Trading Cards Basketball,Graded,US,product,"The Tim Duncan 1997 Topps Chrome Rookie is the best rookie of the 1997 #1 overall pick. The Spurs All-Star center, David Robinson missed almost all of 1996-97 with an injury putting the Spurs in a position to win the draft lottery. San Antonio won the lottery and was able to pair Duncan and Robinson for the next six seasons. This is an early card featuring Topps innovative chrome technology with an action shot of the future Hall of Famer, Tim Duncan.",standard,"{'imageUrl': 'https://stockx.imgix.net/images/Tim-Duncan-1997-Topps-Chrome-Rookie-115-Frame.png?fit=fill&bg=FFFFFF&w=700&h=500&auto=format,compress&trim=color&q=90&dpr=2&updated_at=1606323041', 'smallImageUrl': 'https://stockx.imgix.net/images/Tim-Duncan-1997-Topps-Chrome-Rookie-115-Frame.png?fit=fill&bg=FFFFFF&w=300&h=214&auto=format,compress&trim=color&q=90&dpr=2&updated_at=1606323041', 'thumbUrl': 'https://stockx.imgix.net/images/Tim-Duncan-1997-Topps-Chrome-Rookie-115-Frame.png?fit=fill&bg=FFFFFF&w=140&h=100&auto=format,compress&trim=color&q=90&dpr=2&updated_at=1606323041', 'gallery': [], 'hidden': False}",Rookie #115,collectibles,Topps Rookie #115,Tim-Duncan-1997-Topps-Chrome-Rookie-115,TP-TD1TCR97,Tim Duncan 1997 Topps Chrome Rookie #115,"[{'name': 'Year', 'value': '1997', 'filterable': False, 'visible': True, 'highlight': False}, {'name': 'Set Number', 'value': '#115', 'filterable': False, 'visible': True, 'highlight': False}]",tim-duncan-1997-topps-chrome-rookie-115,0,"{'productId': 0, 'skuUuid': '', 'productUuid': '6d45b93d-dbad-425f-b6d1-643ef79624e1', 'lowestAsk': 420, 'lowestAskSize': 'PSA 9', 'parentLowestAsk': 0, 'numberOfAsks': 7, 'hasAsks': 1, 'salesThisPeriod': 0, 'salesLastPeriod': 0, 'highestBid': 626, 'highestBidSize': 'PSA 10', 'numberOfBids': 4, 'hasBids': 1, 'annualHigh': 1310, 'annualLow': 129, 'deadstockRangeLow': 830, 'deadstockRangeHigh': 1790, 'volatility': 0.366412, 'deadstockSold': 8, 'pricePremium': 0, 'averageDeadstockPrice': 602, 'lastSale': 1310, 'lastSaleSize': 'PSA 10', 'salesLast72Hours': 0, 'changeValue': 121, 'changePercentage': 0.101658, 'absChangePercentage': 0.101658, 'totalDollars': 4819, 'lastLowestAskTime': 1606928705, 'lastHighestBidTime': 1607566276, 'lastSaleDate': '2020-09-02T20:21:41+00:00', 'createdAt': '2019-10-01T15:15:21+00:00', 'updatedAt': 1607627138, 'deadstockSoldRank': 39, 'pricePremiumRank': 41, 'averageDeadstockPriceRank': 53, 'featured': 1}","['collectibles', 'topps', 'trading cards', 'basketball', 'san antonio spurs']"
Topps,Trading Cards Football,Graded,US,product,"The Dan Marino 1984 Topps Rookie is one of the numerous star rookie cards in this set. John Elway’s rookie can also be found in 1984 Topps making this a very desirable set for collectors. Many of the 1984 Topps cards are subject to various print defects and few are in good condition. Marino is widely considered the best Quarterback to never win a Superbowl, making his 1984 Topps Rookie a must have for any collection.",standard,"{'imageUrl': 'https://stockx.imgix.net/images/Dan-Marino-1984-Topps-Rookie-123-Frame.png?fit=fill&bg=FFFFFF&w=700&h=500&auto=format,compress&trim=color&q=90&dpr=2&updated_at=1606317493', 'smallImageUrl': 'https://stockx.imgix.net/images/Dan-Marino-1984-Topps-Rookie-123-Frame.png?fit=fill&bg=FFFFFF&w=300&h=214&auto=format,compress&trim=color&q=90&dpr=2&updated_at=1606317493', 'thumbUrl': 'https://stockx.imgix.net/images/Dan-Marino-1984-Topps-Rookie-123-Frame.png?fit=fill&bg=FFFFFF&w=140&h=100&auto=format,compress&trim=color&q=90&dpr=2&updated_at=1606317493', 'gallery': [], 'hidden': False}",Rookie #123,collectibles,Topps Rookie #123,Dan-Marino-1984-Topps-Rookie-123,TOP-DM1984R123,Dan Marino 1984 Topps Rookie #123,"[{'name': 'Year', 'value': '1984', 'filterable': False, 'visible': True, 'highlight': False}, {'name': 'Set Number', 'value': '#123', 'filterable': False, 'visible': True, 'highlight': False}]",dan-marino-1984-topps-rookie-123,0,"{'productId': 0, 'skuUuid': '', 'productUuid': 'd0a30e3e-629f-4a73-9b19-a3b156f569dd', 'lowestAsk': 119, 'lowestAskSize': 'PSA 8', 'parentLowestAsk': 0, 'numberOfAsks': 6, 'hasAsks': 1, 'salesThisPeriod': 0, 'salesLastPeriod': 0, 'highestBid': 2000, 'highestBidSize': 'PSA 10', 'numberOfBids': 5, 'hasBids': 1, 'annualHigh': 75, 'annualLow': 50, 'deadstockRangeLow': 64, 'deadstockRangeHigh': 86, 'volatility': 0.145057, 'deadstockSold': 8, 'pricePremium': 0, 'averageDeadstockPrice': 58, 'lastSale': 75, 'lastSaleSize': 'PSA 8', 'salesLast72Hours': 0, 'changeValue': 10, 'changePercentage': 0.153846, 'absChangePercentage': 0.153846, 'totalDollars': 465, 'lastLowestAskTime': 1606864184, 'lastHighestBidTime': 1606255309, 'lastSaleDate': '2020-07-15T00:44:39+00:00', 'createdAt': '2019-10-01T15:16:09+00:00', 'updatedAt': 1607482328, 'deadstockSoldRank': 96, 'pricePremiumRank': 84, 'averageDeadstockPriceRank': 18, 'featured': 1}","['collectibles', 'topps', 'trading cards', 'football', 'miami dolphins']"
Topps,Trading Cards Football,Graded,US,product,,standard,"{'imageUrl': 'https://stockx.imgix.net/images/Drew-Brees-2001-Topps-Rookie-328-Frame.png?fit=fill&bg=FFFFFF&w=700&h=500&auto=format,compress&trim=color&q=90&dpr=2&updated_at=1606316195', 'smallImageUrl': 'https://stockx.imgix.net/images/Drew-Brees-2001-Topps-Rookie-328-Frame.png?fit=fill&bg=FFFFFF&w=300&h=214&auto=format,compress&trim=color&q=90&dpr=2&updated_at=1606316195', 'thumbUrl': 'https://stockx.imgix.net/images/Drew-Brees-2001-Topps-Rookie-328-Frame.png?fit=fill&bg=FFFFFF&w=140&h=100&auto=format,compress&trim=color&q=90&dpr=2&updated_at=1606316195', 'gallery': [], 'hidden': False}",Rookie #328,collectibles,Topps Rookie #328,Drew-Brees-2001-Topps-Rookie-328,TP-DB2TR01,Drew Brees 2001 Topps Rookie #328,"[{'name': 'Year', 'value': '2001', 'filterable': False, 'visible': True, 'highlight': False}, {'name': 'Set Number', 'value': '#328', 'filterable': False, 'visible': True, 'highlight': False}]",drew-brees-2001-topps-rookie-328,0,"{'productId': 0, 'skuUuid': '', 'productUuid': '8510a3f8-3a57-48e9-9f86-6e3956229018', 'lowestAsk': 325, 'lowestAskSize': 'PSA 8', 'parentLowestAsk': 0, 'numberOfAsks': 2, 'hasAsks': 1, 'salesThisPeriod': 0, 'salesLastPeriod': 0, 'highestBid': 605, 'highestBidSize': 'PSA 10', 'numberOfBids': 7, 'hasBids': 1, 'annualHigh': 398, 'annualLow': 65, 'deadstockRangeLow': 186, 'deadstockRangeHigh': 416, 'volatility': 0.38174, 'deadstockSold': 6, 'pricePremium': 0, 'averageDeadstockPrice': 212, 'lastSale': 301, 'lastSaleSize': 'PSA 9', 'salesLast72Hours': 0, 'changeValue': -97, 'changePercentage': -0.243719, 'absChangePercentage': 0.243719, 'totalDollars': 1274, 'lastLowestAskTime': 1603053249, 'lastHighestBidTime': 1601135726, 'lastSaleDate': '2020-09-22T16:14:14+00:00', 'createdAt': '2019-10-01T15:16:05+00:00', 'updatedAt': 1607600691, 'deadstockSoldRank': 62, 'pricePremiumRank': 60, 'averageDeadstockPriceRank': 3, 'featured': 1}","['collectibles', 'topps', 'trading cards', 'football', 'san diego charges']"
Topps,Trading Cards Baseball,Graded,US,product,,standard,"{'imageUrl': 'https://stockx.imgix.net/images/JD-Martinez-2011-Topps-Update-Rookie-US186-Frame.png?fit=fill&bg=FFFFFF&w=700&h=500&auto=format,compress&trim=color&q=90&dpr=2&updated_at=1606319553', 'smallImageUrl': 'https://stockx.imgix.net/images/JD-Martinez-2011-Topps-Update-Rookie-US186-Frame.png?fit=fill&bg=FFFFFF&w=300&h=214&auto=format,compress&trim=color&q=90&dpr=2&updated_at=1606319553', 'thumbUrl': 'https://stockx.imgix.net/images/JD-Martinez-2011-Topps-Update-Rookie-US186-Frame.png?fit=fill&bg=FFFFFF&w=140&h=100&auto=format,compress&trim=color&q=90&dpr=2&updated_at=1606319553', 'gallery': [], 'hidden': False}",Rookie #US186,collectibles,Topps Rookie #US186,JD-Martinez-2011-Topps-Update-Rookie-US186,TP-JM2TURU11,J.D. Martinez 2011 Topps Update Rookie #US186,"[{'name': 'Year', 'value': '2011', 'filterable': False, 'visible': True, 'highlight': False}, {'name': 'Set Number', 'value': '#US186', 'filterable': False, 'visible': True, 'highlight': False}]",jd-martinez-2011-topps-update-rookie-us186,0,"{'productId': 0, 'skuUuid': '', 'productUuid': '199c7a4b-8432-4459-93e0-1607388a3b87', 'lowestAsk': 45, 'lowestAskSize': 'PSA 10', 'parentLowestAsk': 0, 'numberOfAsks': 4, 'hasAsks': 1, 'salesThisPeriod': 0, 'salesLastPeriod': 0, 'highestBid': 35, 'highestBidSize': 'PSA 10', 'numberOfBids': 2, 'hasBids': 1, 'annualHigh': 70, 'annualLow': 40, 'deadstockRangeLow': 33, 'deadstockRangeHigh': 55, 'volatility': 0.240695, 'deadstockSold': 5, 'pricePremium': 0, 'averageDeadstockPrice': 50, 'lastSale': 44, 'lastSaleSize': 'PSA 10', 'salesLast72Hours': 0, 'changeValue': -6, 'changePercentage': -0.12, 'absChangePercentage': 0.12, 'totalDollars': 249, 'lastLowestAskTime': 1606784302, 'lastHighestBidTime': 1606756872, 'lastSaleDate': '2020-11-30T21:16:55+00:00', 'createdAt': '2019-10-01T15:15:57+00:00', 'updatedAt': 1607601160, 'deadstockSoldRank': 16, 'pricePremiumRank': 48, 'averageDeadstockPriceRank': 79, 'featured': 1}","['collectibles', 'topps', 'trading cards', 'baseball', 'houston astros']"
Topps,Trading Cards Football,Graded,US,product,"The Joe Montana 1981 Topps Rookie is the most notable rookie card in the 1981 Topps Football set. Montana Led the 49ers to multiple Super Bowls and won two league MVP awards. Montana entered the league a few years before Elway and Marino, and with those two players, dominated the 1980s. Montana was the first player ever to be named MVP of three Super Bowls and passed for over 40,000 yards.",standard,"{'imageUrl': 'https://stockx.imgix.net/images/Joe-Montana-1981-Topps-Rookie-216-Frame.png?fit=fill&bg=FFFFFF&w=700&h=500&auto=format,compress&trim=color&q=90&dpr=2&updated_at=1606318222', 'smallImageUrl': 'https://stockx.imgix.net/images/Joe-Montana-1981-Topps-Rookie-216-Frame.png?fit=fill&bg=FFFFFF&w=300&h=214&auto=format,compress&trim=color&q=90&dpr=2&updated_at=1606318222', 'thumbUrl': 'https://stockx.imgix.net/images/Joe-Montana-1981-Topps-Rookie-216-Frame.png?fit=fill&bg=FFFFFF&w=140&h=100&auto=format,compress&trim=color&q=90&dpr=2&updated_at=1606318222', 'gallery': [], 'hidden': False}",Rookie #216,collectibles,Topps Rookie #216,Joe-Montana-1981-Topps-Rookie-216,TP-JM1TR81,Joe Montana 1981 Topps Rookie #216,"[{'name': 'Year', 'value': '1981', 'filterable': False, 'visible': True, 'highlight': False}, {'name': 'Set Number', 'value': '#216', 'filterable': False, 'visible': True, 'highlight': False}]",joe-montana-1981-topps-rookie-216,0,"{'productId': 0, 'skuUuid': '', 'productUuid': '2e756680-f029-403a-babd-4ea64a5887df', 'lowestAsk': 279, 'lowestAskSize': 'PSA 7', 'parentLowestAsk': 0, 'numberOfAsks': 3, 'hasAsks': 1, 'salesThisPeriod': 0, 'salesLastPeriod': 0, 'highestBid': 900, 'highestBidSize': 'PSA 10', 'numberOfBids': 4, 'hasBids': 1, 'annualHigh': 225, 'annualLow': 100, 'deadstockRangeLow': 185, 'deadstockRangeHigh': 265, 'volatility': 0.179225, 'deadstockSold': 5, 'pricePremium': 0, 'averageDeadstockPrice': 155, 'lastSale': 225, 'lastSaleSize': 'PSA 8', 'salesLast72Hours': 0, 'changeValue': 65, 'changePercentage': 0.40625, 'absChangePercentage': 0.40625, 'totalDollars': 776, 'lastLowestAskTime': 1606801410, 'lastHighestBidTime': 1605551560, 'lastSaleDate': '2020-11-28T19:50:57+00:00', 'createdAt': '2019-10-01T15:15:55+00:00', 'updatedAt': 1607556003, 'deadstockSoldRank': 55, 'pricePremiumRank': 95, 'averageDeadstockPriceRank': 97, 'featured': 1}","['collectibles', 'topps', 'trading cards', 'football', 'san fransisco 49ers']"
Topps,Trading Cards Football,Graded,US,product,The John Elway 1984 Topps Rookie is one of the numerous star rookie cards in this set. Dan Marino’s rookie can also be found in 1984 Topps making this a very desirable set for collectors. Many of the 1984 Topps cards are subject to various print defects and few are in good condition. Elway went on to win two Super Bowls and one league MVP for the Broncos in a Hall of Fame career.,standard,"{'imageUrl': 'https://stockx.imgix.net/images/John-Elway-1984-Topps-Rookie-63-Frame.png?fit=fill&bg=FFFFFF&w=700&h=500&auto=format,compress&trim=color&q=90&dpr=2&updated_at=1606318410', 'smallImageUrl': 'https://stockx.imgix.net/images/John-Elway-1984-Topps-Rookie-63-Frame.png?fit=fill&bg=FFFFFF&w=300&h=214&auto=format,compress&trim=color&q=90&dpr=2&updated_at=1606318410', 'thumbUrl': 'https://stockx.imgix.net/images/John-Elway-1984-Topps-Rookie-63-Frame.png?fit=fill&bg=FFFFFF&w=140&h=100&auto=format,compress&trim=color&q=90&dpr=2&updated_at=1606318410', 'gallery': [], 'hidden': False}",Rookie #63,collectibles,Topps Rookie #63,John-Elway-1984-Topps-Rookie-63,TP-JE1TR84,John Elway 1984 Topps Rookie #63,"[{'name': 'Year', 'value': '1984', 'filterable': False, 'visible': True, 'highlight': False}, {'name': 'Set Number', 'value': '#63', 'filterable': False, 'visible': True, 'highlight': False}]",john-elway-1984-topps-rookie-63,0,"{'productId': 0, 'skuUuid': '', 'productUuid': '428f7b63-dc79-4c3c-a402-0a125a849fe9', 'lowestAsk': 115, 'lowestAskSize': 'PSA 8', 'parentLowestAsk': 0, 'numberOfAsks': 3, 'hasAsks': 1, 'salesThisPeriod': 0, 'salesLastPeriod': 0, 'highestBid': 1051, 'highestBidSize': 'PSA 10', 'numberOfBids': 5, 'hasBids': 1, 'annualHigh': 55, 'annualLow': 25, 'deadstockRangeLow': 43, 'deadstockRangeHigh': 67, 'volatility': 0.223392, 'deadstockSold': 5, 'pricePremium': 0, 'averageDeadstockPrice': 42, 'lastSale': 55, 'lastSaleSize': 'PSA 7', 'salesLast72Hours': 0, 'changeValue': 30, 'changePercentage': 1.2, 'absChangePercentage': 1.2, 'totalDollars': 209, 'lastLowestAskTime': 1606918474, 'lastHighestBidTime': 1606255101, 'lastSaleDate': '2020-04-24T21:06:20+00:00', 'createdAt': '2019-10-01T15:15:54+00:00', 'updatedAt': 1607287386, 'deadstockSoldRank': 80, 'pricePremiumRank': 67, 'averageDeadstockPriceRank': 18, 'featured': 1}","['collectibles', 'topps', 'trading cards', 'football', 'denver broncos']"
Topps,Trading Cards Baseball,Graded,US,product,,standard,"{'imageUrl': 'https://stockx.imgix.net/images/Darryl-Strawberry-1983-Topps-Traded-Rookie-108T-Frame.png?fit=fill&bg=FFFFFF&w=700&h=500&auto=format,compress&trim=color&q=90&dpr=2&updated_at=1606317671', 'smallImageUrl': 'https://stockx.imgix.net/images/Darryl-Strawberry-1983-Topps-Traded-Rookie-108T-Frame.png?fit=fill&bg=FFFFFF&w=300&h=214&auto=format,compress&trim=color&q=90&dpr=2&updated_at=1606317671', 'thumbUrl': 'https://stockx.imgix.net/images/Darryl-Strawberry-1983-Topps-Traded-Rookie-108T-Frame.png?fit=fill&bg=FFFFFF&w=140&h=100&auto=format,compress&trim=color&q=90&dpr=2&updated_at=1606317671', 'gallery': [], 'hidden': False}",Rookie #108T,collectibles,Topps Rookie #108T,Darryl-Strawberry-1983-Topps-Traded-Rookie-108T,TP-DS1TTR183,Darryl Strawberry 1983 Topps Traded Rookie #108T,"[{'name': 'Year', 'value': '1983', 'filterable': False, 'visible': True, 'highlight': False}, {'name': 'Set Number', 'value': '#108T', 'filterable': False, 'visible': True, 'highlight': False}]",darryl-strawberry-1983-topps-traded-rookie-108t,0,"{'productId': 0, 'skuUuid': '', 'productUuid': '35db1ccb-fea3-4ff6-8db2-27cf5bed3f4c', 'lowestAsk': 500, 'lowestAskSize': '', 'parentLowestAsk': 0, 'numberOfAsks': 1, 'hasAsks': 1, 'salesThisPeriod': 0, 'salesLastPeriod': 0, 'highestBid': 255, 'highestBidSize': 'PSA 10', 'numberOfBids': 3, 'hasBids': 1, 'annualHigh': 59, 'annualLow': 38, 'deadstockRangeLow': 49, 'deadstockRangeHigh': 69, 'volatility': 0.165327, 'deadstockSold': 3, 'pricePremium': 0, 'averageDeadstockPrice': 52, 'lastSale': 59, 'lastSaleSize': 'PSA 9', 'salesLast72Hours': 0, 'changeValue': 1, 'changePercentage': 0.010802, 'absChangePercentage': 0.010802, 'totalDollars': 155, 'lastLowestAskTime': 0, 'lastHighestBidTime': 1605075672, 'lastSaleDate': '2020-07-29T19:32:51+00:00', 'createdAt': '2019-10-01T15:16:09+00:00', 'updatedAt': 1607334929, 'deadstockSoldRank': 21, 'pricePremiumRank': 1, 'averageDeadstockPriceRank': 58, 'featured': 1}","['collectibles', 'topps', 'trading cards', 'baseball', 'new york mets']"
Topps,Trading Cards Basketball,Graded,US,product,,standard,"{'imageUrl': 'https://stockx.imgix.net/images/Vince-Carter-1998-Topps-Chrome-Rookie-199-Frame.png?fit=fill&bg=FFFFFF&w=700&h=500&auto=format,compress&trim=color&q=90&dpr=2&updated_at=1606324053', 'smallImageUrl': 'https://stockx.imgix.net/images/Vince-Carter-1998-Topps-Chrome-Rookie-199-Frame.png?fit=fill&bg=FFFFFF&w=300&h=214&auto=format,compress&trim=color&q=90&dpr=2&updated_at=1606324053', 'thumbUrl': 'https://stockx.imgix.net/images/Vince-Carter-1998-Topps-Chrome-Rookie-199-Frame.png?fit=fill&bg=FFFFFF&w=140&h=100&auto=format,compress&trim=color&q=90&dpr=2&updated_at=1606324053', 'gallery': [], 'hidden': False}",Rookie #199,collectibles,Topps Rookie #199,Vince-Carter-1998-Topps-Chrome-Rookie-199,TP-VC1TCR98,Vince Carter 1998 Topps Chrome Rookie #199,"[{'name': 'Year', 'value': '1998', 'filterable': False, 'visible': True, 'highlight': False}, {'name': 'Set Number', 'value': '#199', 'filterable': False, 'visible': True, 'highlight': False}]",vince-carter-1998-topps-chrome-rookie-199,0,"{'productId': 0, 'skuUuid': '', 'productUuid': '898fc339-3913-434e-b705-68f775ab6602', 'lowestAsk': 200, 'lowestAskSize': 'PSA 8', 'parentLowestAsk': 0, 'numberOfAsks': 3, 'hasAsks': 1, 'salesThisPeriod': 0, 'salesLastPeriod': 0, 'highestBid': 488, 'highestBidSize': 'PSA 10', 'numberOfBids': 5, 'hasBids': 1, 'annualHigh': 80, 'annualLow': 42, 'deadstockRangeLow': 64, 'deadstockRangeHigh': 96, 'volatility': 0.194485, 'deadstockSold': 3, 'pricePremium': 0, 'averageDeadstockPrice': 60, 'lastSale': 80, 'lastSaleSize': 'PSA 9', 'salesLast72Hours': 0, 'changeValue': 23, 'changePercentage': 0.403509, 'absChangePercentage': 0.403509, 'totalDollars': 179, 'lastLowestAskTime': 1599271083, 'lastHighestBidTime': 1604988582, 'lastSaleDate': '2020-04-10T23:51:52+00:00', 'createdAt': '2019-10-01T15:15:18+00:00', 'updatedAt': 1607596777, 'deadstockSoldRank': 86, 'pricePremiumRank': 46, 'averageDeadstockPriceRank': 37, 'featured': 1}","['collectibles', 'topps', 'trading cards', 'basketball', 'toronto raptors']"
Topps,Trading Cards Football,Graded,US,product,,standard,"{'imageUrl': 'https://stockx.imgix.net/images/Jimmy-Garoppolo-2014-Topps-Chrome-Rookie-Throwing-Refractor-150-Frame.png?fit=fill&bg=FFFFFF&w=700&h=500&auto=format,compress&trim=color&q=90&dpr=2&updated_at=1606318218', 'smallImageUrl': 'https://stockx.imgix.net/images/Jimmy-Garoppolo-2014-Topps-Chrome-Rookie-Throwing-Refractor-150-Frame.png?fit=fill&bg=FFFFFF&w=300&h=214&auto=format,compress&trim=color&q=90&dpr=2&updated_at=1606318218', 'thumbUrl': 'https://stockx.imgix.net/images/Jimmy-Garoppolo-2014-Topps-Chrome-Rookie-Throwing-Refractor-150-Frame.png?fit=fill&bg=FFFFFF&w=140&h=100&auto=format,compress&trim=color&q=90&dpr=2&updated_at=1606318218', 'gallery': [], 'hidden': False}",Rookie Throwing-Refractor #150,collectibles,Topps Rookie Throwing-Refractor #150,Jimmy-Garoppolo-2014-Topps-Chrome-Rookie-Throwing-Refractor-150,TOP-JG2CRTRF150,Jimmy Garoppolo 2014 Topps Chrome Rookie Throwing-Refractor #150,"[{'name': 'Year', 'value': '2014', 'filterable': False, 'visible': True, 'highlight': False}, {'name': 'Set Number', 'value': '#150', 'filterable': False, 'visible': True, 'highlight': False}]",jimmy-garoppolo-2014-topps-chrome-rookie-throwing-refractor-150,0,"{'productId': 0, 'skuUuid': '', 'productUuid': 'badbd23a-43cd-4a50-a40c-0d4e62e57086', 'lowestAsk': 90, 'lowestAskSize': 'PSA 9', 'parentLowestAsk': 0, 'numberOfAsks': 4, 'hasAsks': 1, 'salesThisPeriod': 0, 'salesLastPeriod': 0, 'highestBid': 181, 'highestBidSize': 'PSA 10', 'numberOfBids': 2, 'hasBids': 1, 'annualHigh': 275, 'annualLow': 100, 'deadstockRangeLow': 173, 'deadstockRangeHigh': 327, 'volatility': 0.309121, 'deadstockSold': 3, 'pricePremium': 0, 'averageDeadstockPrice': 208, 'lastSale': 250, 'lastSaleSize': 'PSA 10', 'salesLast72Hours': 0, 'changeValue': -25, 'changePercentage': -0.090909, 'absChangePercentage': 0.090909, 'totalDollars': 625, 'lastLowestAskTime': 1606270564, 'lastHighestBidTime': 1599520204, 'lastSaleDate': '2020-09-07T15:10:33+00:00', 'createdAt': '2019-10-01T15:15:56+00:00', 'updatedAt': 1607601214, 'deadstockSoldRank': 65, 'pricePremiumRank': 17, 'averageDeadstockPriceRank': 60, 'featured': 1}","['collectibles', 'topps', 'trading cards', 'football', 'san fransisco 49ers']"
Topps,Trading Cards Baseball,Graded,US,product,,standard,"{'imageUrl': 'https://stockx.imgix.net/images/Mike-Trout-2012-Topps-Heritage-207-Frame.png?fit=fill&bg=FFFFFF&w=700&h=500&auto=format,compress&trim=color&q=90&dpr=2&updated_at=1606323172', 'smallImageUrl': 'https://stockx.imgix.net/images/Mike-Trout-2012-Topps-Heritage-207-Frame.png?fit=fill&bg=FFFFFF&w=300&h=214&auto=format,compress&trim=color&q=90&dpr=2&updated_at=1606323172', 'thumbUrl': 'https://stockx.imgix.net/images/Mike-Trout-2012-Topps-Heritage-207-Frame.png?fit=fill&bg=FFFFFF&w=140&h=100&auto=format,compress&trim=color&q=90&dpr=2&updated_at=1606323172', 'gallery': [], 'hidden': False}",#207,collectibles,Topps #207,Mike-Trout-2012-Topps-Heritage-207,TP-MT2TH12,Mike Trout 2012 Topps Heritage #207,"[{'name': 'Year', 'value': '2012', 'filterable': False, 'visible': True, 'highlight': False}, {'name': 'Set Number', 'value': '#207', 'filterable': False, 'visible': True, 'highlight': False}]",mike-trout-2012-topps-heritage-207,0,"{'productId': 0, 'skuUuid': '', 'productUuid': 'ee5dddf3-4a72-4560-bc53-c573eac17553', 'lowestAsk': 999, 'lowestAskSize': 'PSA 9', 'parentLowestAsk': 0, 'numberOfAsks': 1, 'hasAsks': 1, 'salesThisPeriod': 0, 'salesLastPeriod': 0, 'highestBid': 500, 'highestBidSize': '', 'numberOfBids': 4, 'hasBids': 1, 'annualHigh': 525, 'annualLow': 115, 'deadstockRangeLow': 357, 'deadstockRangeHigh': 693, 'volatility': 0.319612, 'deadstockSold': 3, 'pricePremium': 0, 'averageDeadstockPrice': 328, 'lastSale': 525, 'lastSaleSize': 'PSA 10', 'salesLast72Hours': 0, 'changeValue': 410, 'changePercentage': 3.56522, 'absChangePercentage': 3.56522, 'totalDollars': 985, 'lastLowestAskTime': 1601509956, 'lastHighestBidTime': 0, 'lastSaleDate': '2020-05-06T13:37:37+00:00', 'createdAt': '2019-10-01T15:15:37+00:00', 'updatedAt': 1607571959, 'deadstockSoldRank': 65, 'pricePremiumRank': 34, 'averageDeadstockPriceRank': 82, 'featured': 1}","['collectibles', 'topps', 'trading cards', 'baseball', 'los angeles angels']"
Upper Deck,Trading Cards Hockey,Graded,US,product,"The Alexander Ovechkin 2005 Upper Deck Series 2 Young Guns Rookie has something in common with Ovechkin himself. Ovie’s Young Guns rookie rivals Sidney Crosby’s Young Guns rookie as the most valuable card ever to be a part of this set. Ovechkin and Crosby have also spent their whole careers rivaling each other. Each were drafted #1 overall in consecutive years, have won a Stanley Cup, and are considered two of the greatest to ever play.",standard,"{'imageUrl': 'https://stockx.imgix.net/images/Alexander-Ovechkin-2005-Upper-Deck-Series-2-Young-Guns-Rookie-443-Frame.png?fit=fill&bg=FFFFFF&w=700&h=500&auto=format,compress&trim=color&q=90&dpr=2&updated_at=1606315778', 'smallImageUrl': 'https://stockx.imgix.net/images/Alexander-Ovechkin-2005-Upper-Deck-Series-2-Young-Guns-Rookie-443-Frame.png?fit=fill&bg=FFFFFF&w=300&h=214&auto=format,compress&trim=color&q=90&dpr=2&updated_at=1606315778', 'thumbUrl': 'https://stockx.imgix.net/images/Alexander-Ovechkin-2005-Upper-Deck-Series-2-Young-Guns-Rookie-443-Frame.png?fit=fill&bg=FFFFFF&w=140&h=100&auto=format,compress&trim=color&q=90&dpr=2&updated_at=1606315778', 'gallery': [], 'hidden': False}",Young Guns Rookie #443,collectibles,Upper Deck Young Guns Rookie #443,Alexander-Ovechkin-2005-Upper-Deck-Series-2-Young-Guns-Rookie-443,UD-AO2UDS2YGR05,Alexander Ovechkin 2005 Upper Deck Series 2 Young Guns Rookie #443,"[{'name': 'Year', 'value': '2005', 'filterable': False, 'visible': True, 'highlight': False}, {'name': 'Set Number', 'value': '#443', 'filterable': False, 'visible': True, 'highlight': False}, {'name': 'Team', 'value': 'Washington Capitals', 'filterable': True, 'visible': True, 'highlight': False}]",alexander-ovechkin-2005-upper-deck-series-2-young-guns-rookie-443,0,"{'productId': 0, 'skuUuid': '', 'productUuid': '0569e01b-0d4e-455f-aca7-0ca455497935', 'lowestAsk': 2100, 'lowestAskSize': 'PSA 10', 'parentLowestAsk': 0, 'numberOfAsks': 3, 'hasAsks': 1, 'salesThisPeriod': 0, 'salesLastPeriod': 0, 'highestBid': 500, 'highestBidSize': 'PSA 10', 'numberOfBids': 2, 'hasBids': 1, 'annualHigh': 550, 'annualLow': 550, 'deadstockRangeLow': 495, 'deadstockRangeHigh': 605, 'volatility': 0, 'deadstockSold': 1, 'pricePremium': 0, 'averageDeadstockPrice': 550, 'lastSale': 550, 'lastSaleSize': 'PSA 10', 'salesLast72Hours': 0, 'changeValue': 0, 'changePercentage': 0, 'absChangePercentage': 0, 'totalDollars': 550, 'lastLowestAskTime': 1603048309, 'lastHighestBidTime': 1607077556, 'lastSaleDate': '2020-02-03T04:06:25+00:00', 'createdAt': '2019-10-01T15:16:20+00:00', 'updatedAt': 1607319085, 'deadstockSoldRank': 5, 'pricePremiumRank': 36, 'averageDeadstockPriceRank': 91, 'featured': 1}","['collectibles', 'upper deck', 'trading cards', 'hockey', 'washington capitals', 'team|washington capitals']"
Topps,Trading Cards Baseball,Graded,US,product,,standard,"{'imageUrl': 'https://stockx.imgix.net/images/Walker-Buehler-2018-Topps-Chrome-Rookie-Refractor-71-Frame.png?fit=fill&bg=FFFFFF&w=700&h=500&auto=format,compress&trim=color&q=90&dpr=2&updated_at=1606322156', 'smallImageUrl': 'https://stockx.imgix.net/images/Walker-Buehler-2018-Topps-Chrome-Rookie-Refractor-71-Frame.png?fit=fill&bg=FFFFFF&w=300&h=214&auto=format,compress&trim=color&q=90&dpr=2&updated_at=1606322156', 'thumbUrl': 'https://stockx.imgix.net/images/Walker-Buehler-2018-Topps-Chrome-Rookie-Refractor-71-Frame.png?fit=fill&bg=FFFFFF&w=140&h=100&auto=format,compress&trim=color&q=90&dpr=2&updated_at=1606322156', 'gallery': [], 'hidden': False}",Rookie Refractor #71,collectibles,Topps Rookie Refractor #71,Walker-Buehler-2018-Topps-Chrome-Rookie-Refractor-71,TP-WB2TCRR18,Walker Buehler 2018 Topps Chrome Rookie Refractor #71,"[{'name': 'Year', 'value': '2018', 'filterable': False, 'visible': True, 'highlight': False}, {'name': 'Set Number', 'value': '#71', 'filterable': False, 'visible': True, 'highlight': False}]",walker-buehler-2018-topps-chrome-rookie-refractor-71,0,"{'productId': 0, 'skuUuid': '', 'productUuid': 'e021190d-e1b3-4ad0-8c60-01fb3de5c9a6', 'lowestAsk': 110, 'lowestAskSize': '', 'parentLowestAsk': 0, 'numberOfAsks': 1, 'hasAsks': 1, 'salesThisPeriod': 0, 'salesLastPeriod': 0, 'highestBid': 55, 'highestBidSize': 'PSA 10', 'numberOfBids': 2, 'hasBids': 1, 'annualHigh': 110, 'annualLow': 110, 'deadstockRangeLow': 99, 'deadstockRangeHigh': 121, 'volatility': 0, 'deadstockSold': 1, 'pricePremium': 0, 'averageDeadstockPrice': 110, 'lastSale': 110, 'lastSaleSize': 'PSA 10', 'salesLast72Hours': 0, 'changeValue': 0, 'changePercentage': 0, 'absChangePercentage': 0, 'totalDollars': 110, 'lastLowestAskTime': 0, 'lastHighestBidTime': 1607063179, 'lastSaleDate': '2020-08-19T02:35:01+00:00', 'createdAt': '2019-10-01T15:15:17+00:00', 'updatedAt': 1607063179, 'deadstockSoldRank': 11, 'pricePremiumRank': 69, 'averageDeadstockPriceRank': 62, 'featured': 1}","['collectibles', 'topps', 'trading cards', 'baseball', 'los angeles dodgers']"
Topps,Trading Cards Football,Graded,US,product,,standard,"{'imageUrl': 'https://stockx.imgix.net/images/Steve-Young-1984-Topps-USFL-Rookie-52-Frame.png?fit=fill&bg=FFFFFF&w=700&h=500&auto=format,compress&trim=color&q=90&dpr=2&updated_at=1606316556', 'smallImageUrl': 'https://stockx.imgix.net/images/Steve-Young-1984-Topps-USFL-Rookie-52-Frame.png?fit=fill&bg=FFFFFF&w=300&h=214&auto=format,compress&trim=color&q=90&dpr=2&updated_at=1606316556', 'thumbUrl': 'https://stockx.imgix.net/images/Steve-Young-1984-Topps-USFL-Rookie-52-Frame.png?fit=fill&bg=FFFFFF&w=140&h=100&auto=format,compress&trim=color&q=90&dpr=2&updated_at=1606316556', 'gallery': [], 'hidden': False}",Rookie #52,collectibles,Topps Rookie #52,Steve-Young-1984-Topps-USFL-Rookie-52,TP-SY1TUR84,Steve Young 1984 Topps USFL Rookie #52,"[{'name': 'Year', 'value': '1984', 'filterable': False, 'visible': True, 'highlight': False}, {'name': 'Set Number', 'value': '#52', 'filterable': False, 'visible': True, 'highlight': False}]",steve-young-1984-topps-usfl-rookie-52,0,"{'productId': 0, 'skuUuid': '', 'productUuid': 'af7663a1-5f53-4d92-8bf8-7a61d2e9ebf4', 'lowestAsk': 500, 'lowestAskSize': '', 'parentLowestAsk': 0, 'numberOfAsks': 1, 'hasAsks': 1, 'salesThisPeriod': 0, 'salesLastPeriod': 0, 'highestBid': 0, 'highestBidSize': '', 'numberOfBids': 0, 'hasBids': 0, 'annualHigh': 0, 'annualLow': 0, 'deadstockRangeLow': 0, 'deadstockRangeHigh': 0, 'volatility': 0, 'deadstockSold': 0, 'pricePremium': 0, 'averageDeadstockPrice': 0, 'lastSale': 0, 'lastSaleSize': '', 'salesLast72Hours': 0, 'changeValue': 0, 'changePercentage': 0, 'absChangePercentage': 0, 'totalDollars': 0, 'lastLowestAskTime': 0, 'lastHighestBidTime': 0, 'lastSaleDate': '', 'createdAt': '2019-10-01T15:15:22+00:00', 'updatedAt': 1607388313, 'deadstockSoldRank': 8, 'pricePremiumRank': 38, 'averageDeadstockPriceRank': 77, 'featured': 1}","['collectibles', 'topps', 'trading cards', 'football', 'la express']"
Pokemon,Trading Cards Sealed Boxes,New,US,product,"Take on the strongest trainers in the Galar region with the 2020 Pokemon TCG Champion's Path Elite Trainers box. Each box comes epuipped with 10 Pokemon TCG: Champion's Path booster packs, 1 full art promo card of Charizard V, 65 card sleeves featuring Gigantamax Charizard, 45 Pokemon TCG Energy cards, a players guide to the Champion's path expansion, a Pokemon TCG rulebook, 6 damage-counter dice, and a collector's box to hold everything. Break the box to search for Charizard V SCR, Charizard VMAX SCR, and many more! Now add to your collection with the first major release since Champion's Path with the <a href=""https://stockx.com/2020-pokemon-tcg-sword-shield-vivid-voltage-elite-trainer-box"">Sword & Shield — Vivid Voltage expansion.</a>",standard,"{'imageUrl': 'https://stockx.imgix.net/images/2020-Pokemon-Champions-Path-Elite-Trainer-Box.jpg?fit=fill&bg=FFFFFF&w=700&h=500&auto=format,compress&trim=color&q=90&dpr=2&updated_at=1605834876', 'smallImageUrl': 'https://stockx.imgix.net/images/2020-Pokemon-Champions-Path-Elite-Trainer-Box.jpg?fit=fill&bg=FFFFFF&w=300&h=214&auto=format,compress&trim=color&q=90&dpr=2&updated_at=1605834876', 'thumbUrl': 'https://stockx.imgix.net/images/2020-Pokemon-Champions-Path-Elite-Trainer-Box.jpg?fit=fill&bg=FFFFFF&w=140&h=100&auto=format,compress&trim=color&q=90&dpr=2&updated_at=1605834876', 'gallery': [], 'hidden': False}",Elite Trainer Box,collectibles,Pokemon Elite Trainer Box,2020-Pokemon-Champions-Path-Elite-Trainer-Box,P-2PCPETB20,2020 Pokemon Champions Path Elite Trainer Box,"[{'name': 'Year', 'value': '2020', 'filterable': False, 'visible': True, 'highlight': False}]",2020-pokemon-champions-path-elite-trainer-box,0,"{'productId': 0, 'skuUuid': '', 'productUuid': 'aa124bac-e3f2-4214-820e-7454d146c7a9', 'lowestAsk': 58, 'lowestAskSize': '', 'parentLowestAsk': 0, 'numberOfAsks': 412, 'hasAsks': 1, 'salesThisPeriod': 86, 'salesLastPeriod': 0, 'highestBid': 55, 'highestBidSize': '', 'numberOfBids': 88, 'hasBids': 1, 'annualHigh': 118, 'annualLow': 53, 'deadstockRangeLow': 51, 'deadstockRangeHigh': 65, 'volatility': 0.124109, 'deadstockSold': 2450, 'pricePremium': 0, 'averageDeadstockPrice': 74, 'lastSale': 58, 'lastSaleSize': '', 'salesLast72Hours': 86, 'changeValue': 0, 'changePercentage': 0, 'absChangePercentage': 0, 'totalDollars': 181176, 'lastLowestAskTime': 1608576591, 'lastHighestBidTime': 1608496152, 'lastSaleDate': '2020-12-21T18:05:24+00:00', 'createdAt': '2020-09-23T22:28:23+00:00', 'updatedAt': 1608576591, 'deadstockSoldRank': 50, 'pricePremiumRank': 39, 'averageDeadstockPriceRank': 4, 'featured': 0}","['collectibles', 'pokemon', 'trading cards', 'sealed boxes', '2020', 'pokemon']"
Pokemon TCG,Trading Cards Sealed Boxes,New,US,product,,standard,"{'imageUrl': 'https://stockx.imgix.net/images/2016-Pokemon-TCGXY-Evolutions-Elite-Trainer-Box-Charizard-and-Blastoise-Lot.jpg?fit=fill&bg=FFFFFF&w=700&h=500&auto=format,compress&trim=color&q=90&dpr=2&updated_at=1606933839', 'smallImageUrl': 'https://stockx.imgix.net/images/2016-Pokemon-TCGXY-Evolutions-Elite-Trainer-Box-Charizard-and-Blastoise-Lot.jpg?fit=fill&bg=FFFFFF&w=300&h=214&auto=format,compress&trim=color&q=90&dpr=2&updated_at=1606933839', 'thumbUrl': 'https://stockx.imgix.net/images/2016-Pokemon-TCGXY-Evolutions-Elite-Trainer-Box-Charizard-and-Blastoise-Lot.jpg?fit=fill&bg=FFFFFF&w=140&h=100&auto=format,compress&trim=color&q=90&dpr=2&updated_at=1606933839', 'gallery': [], 'hidden': False}",Evolutions Elite Trainer Box Charizard and Blastoise Lot,collectibles,Pokemon TCG Evolutions Elite Trainer Box Charizard and Blastoise Lot,2016-Pokemon-TCGXY-Evolutions-Elite-Trainer-Box-Charizard-and-Blastoise-Lot,PTCG-2PTEETBCaB,2016 Pokemon TCGXY Evolutions Elite Trainer Box Charizard and Blastoise Lot,"[{'name': 'Year', 'value': '2016', 'filterable': False, 'visible': True, 'highlight': False}]",2016-pokemon-tcgxy-evolutions-elite-trainer-box-charizard-and-blastoise-lot,0,"{'productId': 0, 'skuUuid': '', 'productUuid': '3e4a0fc9-b29e-4ca7-811a-39eb41318cad', 'lowestAsk': 151, 'lowestAskSize': '', 'parentLowestAsk': 0, 'numberOfAsks': 77, 'hasAsks': 1, 'salesThisPeriod': 40, 'salesLastPeriod': 0, 'highestBid': 146, 'highestBidSize': '', 'numberOfBids': 68, 'hasBids': 1, 'annualHigh': 270, 'annualLow': 121, 'deadstockRangeLow': 172, 'deadstockRangeHigh': 220, 'volatility': 0.122393, 'deadstockSold': 677, 'pricePremium': 0, 'averageDeadstockPrice': 174, 'lastSale': 196, 'lastSaleSize': '', 'salesLast72Hours': 40, 'changeValue': -4, 'changePercentage': -0.024243, 'absChangePercentage': 0.024243, 'totalDollars': 118080, 'lastLowestAskTime': 1608574887, 'lastHighestBidTime': 1608569642, 'lastSaleDate': '2020-12-21T14:15:52+00:00', 'createdAt': '2020-10-21T21:15:11+00:00', 'updatedAt': 1608575265, 'deadstockSoldRank': 9, 'pricePremiumRank': 68, 'averageDeadstockPriceRank': 33, 'featured': 0}","['collectibles', 'pokemon tcg', 'trading cards', 'sealed boxes']"
Panini,Trading Cards Sealed Boxes,New,US,product,"The 2019-2020 Panini NBA Hoops Premium Stock Box Set gives an updated look to the classic Hoops release. The box set was originally released through Target for $150 and gives collectors all 300 cards from the base set in a Pulsar parallel. Each 2019-20 Panini NBA Hoops Premium Box Set also comes with 5 bonus Pulsar Prizms, these can be Red, Blue, Green, Gold or Black Pulsar versions. The checklist includes rookie cards for Zion Williamson, Ja Morant, Rui Hachimura, RJ Barrett and more!",standard,"{'imageUrl': 'https://stockx.imgix.net/images/2019-20-Panini-NBA-Hoops-Premium-Stock-Box-Set.jpg?fit=fill&bg=FFFFFF&w=700&h=500&auto=format,compress&trim=color&q=90&dpr=2&updated_at=1607097761', 'smallImageUrl': 'https://stockx.imgix.net/images/2019-20-Panini-NBA-Hoops-Premium-Stock-Box-Set.jpg?fit=fill&bg=FFFFFF&w=300&h=214&auto=format,compress&trim=color&q=90&dpr=2&updated_at=1607097761', 'thumbUrl': 'https://stockx.imgix.net/images/2019-20-Panini-NBA-Hoops-Premium-Stock-Box-Set.jpg?fit=fill&bg=FFFFFF&w=140&h=100&auto=format,compress&trim=color&q=90&dpr=2&updated_at=1607097761', 'gallery': [], 'hidden': False}",Premium Stock Box Set,collectibles,Panini Premium Stock Box Set,2019-20-Panini-NBA-Hoops-Premium-Stock-Box-Set,PN-2PNHPSBS20,2019-20 Panini NBA Hoops Premium Stock Box Set,"[{'name': 'Year', 'value': '2019-20', 'filterable': False, 'visible': True, 'highlight': False}]",2019-20-panini-nba-hoops-premium-stock-box-set,0,"{'productId': 0, 'skuUuid': '', 'productUuid': '94ccb668-ee57-4386-961b-fb369b067150', 'lowestAsk': 228, 'lowestAskSize': '', 'parentLowestAsk': 0, 'numberOfAsks': 35, 'hasAsks': 1, 'salesThisPeriod': 38, 'salesLastPeriod': 0, 'highestBid': 219, 'highestBidSize': '', 'numberOfBids': 35, 'hasBids': 1, 'annualHigh': 230, 'annualLow': 189, 'deadstockRangeLow': 224, 'deadstockRangeHigh': 232, 'volatility': 0.015386, 'deadstockSold': 283, 'pricePremium': 0, 'averageDeadstockPrice': 208, 'lastSale': 228, 'lastSaleSize': '', 'salesLast72Hours': 38, 'changeValue': 8, 'changePercentage': 0.036364, 'absChangePercentage': 0.036364, 'totalDollars': 58847, 'lastLowestAskTime': 1608574599, 'lastHighestBidTime': 1608545264, 'lastSaleDate': '2020-12-21T18:12:34+00:00', 'createdAt': '2020-12-04T16:02:42+00:00', 'updatedAt': 1608574599, 'deadstockSoldRank': 58, 'pricePremiumRank': 34, 'averageDeadstockPriceRank': 45, 'featured': 0}","['collectibles', 'panini', 'trading cards', 'sealed boxes']"
Pokemon TCG,Trading Cards Sealed Boxes,New,US,product,,standard,"{'imageUrl': 'https://stockx.imgix.net/images/2020-Pokemon-TCG-XY-Evolutions-Kanto-Power-Collection-Mewtwo-EX-Dragonite-EX-Bundle.png?fit=fill&bg=FFFFFF&w=700&h=500&auto=format,compress&trim=color&q=90&dpr=2&updated_at=1606933176', 'smallImageUrl': 'https://stockx.imgix.net/images/2020-Pokemon-TCG-XY-Evolutions-Kanto-Power-Collection-Mewtwo-EX-Dragonite-EX-Bundle.png?fit=fill&bg=FFFFFF&w=300&h=214&auto=format,compress&trim=color&q=90&dpr=2&updated_at=1606933176', 'thumbUrl': 'https://stockx.imgix.net/images/2020-Pokemon-TCG-XY-Evolutions-Kanto-Power-Collection-Mewtwo-EX-Dragonite-EX-Bundle.png?fit=fill&bg=FFFFFF&w=140&h=100&auto=format,compress&trim=color&q=90&dpr=2&updated_at=1606933176', 'gallery': [], 'hidden': False}",Evolutions Kanto Power Collection Mewtwo-EX & Dragonite-EX Bundle,collectibles,Pokemon TCG Evolutions Kanto Power Collection Mewtwo-EX & Dragonite-EX Bundle,2020-Pokemon-TCG-XY-Evolutions-Kanto-Power-Collection-Mewtwo-EX-Dragonite-EX-Bundle,PTCG-2PTXEKPCM2,2020 Pokemon TCG XY Evolutions Kanto Power Collection Mewtwo-EX & Dragonite-EX Bundle,"[{'name': 'Year', 'value': '2020', 'filterable': False, 'visible': True, 'highlight': False}]",2020-pokemon-tcg-xy-evolutions-kanto-power-collection-mewtwo-ex-dragonite-ex-bundle,0,"{'productId': 0, 'skuUuid': '', 'productUuid': '3255ea4a-364b-4bf3-a5ce-643c3169c79f', 'lowestAsk': 175, 'lowestAskSize': '', 'parentLowestAsk': 0, 'numberOfAsks': 44, 'hasAsks': 1, 'salesThisPeriod': 34, 'salesLastPeriod': 0, 'highestBid': 167, 'highestBidSize': '', 'numberOfBids': 61, 'hasBids': 1, 'annualHigh': 239, 'annualLow': 110, 'deadstockRangeLow': 155, 'deadstockRangeHigh': 197, 'volatility': 0.119192, 'deadstockSold': 615, 'pricePremium': 0, 'averageDeadstockPrice': 184, 'lastSale': 176, 'lastSaleSize': '', 'salesLast72Hours': 34, 'changeValue': -26, 'changePercentage': -0.131462, 'absChangePercentage': 0.131462, 'totalDollars': 113051, 'lastLowestAskTime': 1608554019, 'lastHighestBidTime': 1608571019, 'lastSaleDate': '2020-12-21T09:02:04+00:00', 'createdAt': '2020-10-27T15:08:20+00:00', 'updatedAt': 1608571019, 'deadstockSoldRank': 91, 'pricePremiumRank': 40, 'averageDeadstockPriceRank': 2, 'featured': 0}","['collectibles', 'pokemon tcg', 'trading cards', 'sealed boxes']"
Pokemon TCG,Trading Cards Sealed Boxes,New,US,product,"Take on the strongest trainers in the Galar region with the 2020 Pokemon TCG Champion's Path Elite Trainers box. Each box comes epuipped with 10 Pokemon TCG: Champion's Path booster packs, 1 full art promo card of Charizard V, 65 card sleeves featuring Gigantamax Charizard, 45 Pokemon TCG Energy cards, a players guide to the Champion's path expansion, a Pokemon TCG rulebook, 6 damage-counter dice, and a collector's box to hold everything. Break the box to search for Charizard V SCR, Charizard VMAX SCR, and many more! Now add to your collection with the first major release since Champion's Path with the  <a href=""https://stockx.com/2020-pokemon-tcg-sword-shield-vivid-voltage-elite-trainer-box"">Sword & Shield—Vivid Voltage expansion.</a>",standard,"{'imageUrl': 'https://stockx.imgix.net/images/2020-Pokemon-TCG-Champions-Path-Elite-Trainer-Box-4X-Lot.png?fit=fill&bg=FFFFFF&w=700&h=500&auto=format,compress&trim=color&q=90&dpr=2&updated_at=1605836043', 'smallImageUrl': 'https://stockx.imgix.net/images/2020-Pokemon-TCG-Champions-Path-Elite-Trainer-Box-4X-Lot.png?fit=fill&bg=FFFFFF&w=300&h=214&auto=format,compress&trim=color&q=90&dpr=2&updated_at=1605836043', 'thumbUrl': 'https://stockx.imgix.net/images/2020-Pokemon-TCG-Champions-Path-Elite-Trainer-Box-4X-Lot.png?fit=fill&bg=FFFFFF&w=140&h=100&auto=format,compress&trim=color&q=90&dpr=2&updated_at=1605836043', 'gallery': [], 'hidden': False}",Champions Path Elite Trainer Box 4X Lot,collectibles,Pokemon TCG Champions Path Elite Trainer Box 4X Lot,2020-Pokemon-TCG-Champions-Path-Elite-Trainer-Box-4X-Lot,PTCG-2PTCPET99,2020 Pokemon TCG Champions Path Elite Trainer Box 4X Lot,"[{'name': 'Year', 'value': '2020', 'filterable': False, 'visible': True, 'highlight': False}]",2020-pokemon-tcg-champions-path-elite-trainer-box-4x-lot,0,"{'productId': 0, 'skuUuid': '', 'productUuid': '5b298961-4406-4d40-bc0f-d5a6f3ea8ca9', 'lowestAsk': 231, 'lowestAskSize': '', 'parentLowestAsk': 0, 'numberOfAsks': 137, 'hasAsks': 1, 'salesThisPeriod': 33, 'salesLastPeriod': 0, 'highestBid': 222, 'highestBidSize': '', 'numberOfBids': 56, 'hasBids': 1, 'annualHigh': 429, 'annualLow': 218, 'deadstockRangeLow': 205, 'deadstockRangeHigh': 259, 'volatility': 0.115329, 'deadstockSold': 1019, 'pricePremium': 0, 'averageDeadstockPrice': 274, 'lastSale': 232, 'lastSaleSize': '', 'salesLast72Hours': 33, 'changeValue': -69, 'changePercentage': -0.231757, 'absChangePercentage': 0.231757, 'totalDollars': 279436, 'lastLowestAskTime': 1608573764, 'lastHighestBidTime': 1608500853, 'lastSaleDate': '2020-12-21T15:21:29+00:00', 'createdAt': '2020-10-15T15:22:38+00:00', 'updatedAt': 1608573765, 'deadstockSoldRank': 91, 'pricePremiumRank': 51, 'averageDeadstockPriceRank': 44, 'featured': 0}","['collectibles', 'pokemon tcg', 'trading cards', 'sealed boxes']"
Pokemon TCG,Trading Cards Sealed Boxes,New,US,product,"Unleash the maximum power of Pokémon V and Pokémon VMAX with the 2020 Pokémon TCG Sword & Shield - Vivid Voltage Booster Box! Released on November 13, 2020, look for the newly discovered Mythical Pokémon Zarude and the majesty of Gigantamax Pikachu. Each Pokémon TCG: Sword & Shield - Vivid Voltage Booster Box comes with over 185 cards, 11 Powerful V and 6 enormous Pokémon VMAX, and More than 15 Trainer cards and 4 new Special Energy cards. Put a little color and a lot of spark into your deck or collection with the Sword & Shield—Vivid Voltage expansion!",standard,"{'imageUrl': 'https://stockx.imgix.net/images/2020-Pokemon-TCG-Sword-Shield-Vivid-Voltage-Booster-Box.jpg?fit=fill&bg=FFFFFF&w=700&h=500&auto=format,compress&trim=color&q=90&dpr=2&updated_at=1606932090', 'smallImageUrl': 'https://stockx.imgix.net/images/2020-Pokemon-TCG-Sword-Shield-Vivid-Voltage-Booster-Box.jpg?fit=fill&bg=FFFFFF&w=300&h=214&auto=format,compress&trim=color&q=90&dpr=2&updated_at=1606932090', 'thumbUrl': 'https://stockx.imgix.net/images/2020-Pokemon-TCG-Sword-Shield-Vivid-Voltage-Booster-Box.jpg?fit=fill&bg=FFFFFF&w=140&h=100&auto=format,compress&trim=color&q=90&dpr=2&updated_at=1606932090', 'gallery': [], 'hidden': False}",Vivid Voltage Booster Box,collectibles,Pokemon TCG Vivid Voltage Booster Box,2020-Pokemon-TCG-Sword-Shield-Vivid-Voltage-Booster-Box,PTCG-2PTSSVVBB,2020 Pokemon TCG Sword & Shield Vivid Voltage Booster Box,"[{'name': 'Year', 'value': '2020', 'filterable': False, 'visible': True, 'highlight': False}]",2020-pokemon-tcg-sword-shield-vivid-voltage-booster-box,0,"{'productId': 0, 'skuUuid': '', 'productUuid': 'f01ac40e-f832-4687-a38e-18ca5a3a44b3', 'lowestAsk': 133, 'lowestAskSize': '', 'parentLowestAsk': 0, 'numberOfAsks': 52, 'hasAsks': 1, 'salesThisPeriod': 32, 'salesLastPeriod': 0, 'highestBid': 122, 'highestBidSize': '', 'numberOfBids': 41, 'hasBids': 1, 'annualHigh': 195, 'annualLow': 118, 'deadstockRangeLow': 156, 'deadstockRangeHigh': 202, 'volatility': 0.127762, 'deadstockSold': 292, 'pricePremium': 0, 'averageDeadstockPrice': 146, 'lastSale': 179, 'lastSaleSize': '', 'salesLast72Hours': 32, 'changeValue': 0, 'changePercentage': 0, 'absChangePercentage': 0, 'totalDollars': 42493, 'lastLowestAskTime': 1608570990, 'lastHighestBidTime': 1608372293, 'lastSaleDate': '2020-12-21T16:26:45+00:00', 'createdAt': '2020-10-27T15:08:19+00:00', 'updatedAt': 1608570990, 'deadstockSoldRank': 82, 'pricePremiumRank': 46, 'averageDeadstockPriceRank': 40, 'featured': 0}","['collectibles', 'pokemon tcg', 'trading cards', 'sealed boxes']"
Panini,Trading Cards Sealed Boxes,New,US,product,,standard,"{'imageUrl': 'https://stockx.imgix.net/images/2020-Panini-Prizm-Draft-Picks-Basketball-Mega-Box-Red-Ice-Parallels.jpg?fit=fill&bg=FFFFFF&w=700&h=500&auto=format,compress&trim=color&q=90&dpr=2&updated_at=1605920645', 'smallImageUrl': 'https://stockx.imgix.net/images/2020-Panini-Prizm-Draft-Picks-Basketball-Mega-Box-Red-Ice-Parallels.jpg?fit=fill&bg=FFFFFF&w=300&h=214&auto=format,compress&trim=color&q=90&dpr=2&updated_at=1605920645', 'thumbUrl': 'https://stockx.imgix.net/images/2020-Panini-Prizm-Draft-Picks-Basketball-Mega-Box-Red-Ice-Parallels.jpg?fit=fill&bg=FFFFFF&w=140&h=100&auto=format,compress&trim=color&q=90&dpr=2&updated_at=1605920645', 'gallery': [], 'hidden': False}",Basketball Mega Box (Red Ice Parallels),collectibles,Panini Basketball Mega Box (Red Ice Parallels),2020-Panini-Prizm-Draft-Picks-Basketball-Mega-Box-Red-Ice-Parallels,PN-2PPDPBMBI20,2020 Panini Prizm Draft Picks Basketball Mega Box (Red Ice Parallels),"[{'name': 'Year', 'value': '2020', 'filterable': False, 'visible': True, 'highlight': False}]",2020-panini-prizm-draft-picks-basketball-mega-box-red-ice-parallels,0,"{'productId': 0, 'skuUuid': '', 'productUuid': '9386d2ae-2e60-4173-a30f-82d718f06887', 'lowestAsk': 53, 'lowestAskSize': '', 'parentLowestAsk': 0, 'numberOfAsks': 63, 'hasAsks': 1, 'salesThisPeriod': 32, 'salesLastPeriod': 0, 'highestBid': 49, 'highestBidSize': '', 'numberOfBids': 14, 'hasBids': 1, 'annualHigh': 81, 'annualLow': 48, 'deadstockRangeLow': 47, 'deadstockRangeHigh': 59, 'volatility': 0.106902, 'deadstockSold': 211, 'pricePremium': 0, 'averageDeadstockPrice': 56, 'lastSale': 53, 'lastSaleSize': '', 'salesLast72Hours': 32, 'changeValue': 0, 'changePercentage': 0, 'absChangePercentage': 0, 'totalDollars': 11789, 'lastLowestAskTime': 1608568033, 'lastHighestBidTime': 1608554473, 'lastSaleDate': '2020-12-21T16:18:35+00:00', 'createdAt': '2020-11-21T01:04:05+00:00', 'updatedAt': 1608569598, 'deadstockSoldRank': 27, 'pricePremiumRank': 6, 'averageDeadstockPriceRank': 5, 'featured': 0}","['collectibles', 'panini', 'trading cards', 'sealed boxes', '2020', 'baksetball']"
Pokemon TCG,Trading Cards Sealed Boxes,New,US,product,,standard,"{'imageUrl': 'https://stockx.imgix.net/images/2020-Pokemon-TCG-Jirachi-GX-Collection.png?fit=fill&bg=FFFFFF&w=700&h=500&auto=format,compress&trim=color&q=90&dpr=2&updated_at=1606932734', 'smallImageUrl': 'https://stockx.imgix.net/images/2020-Pokemon-TCG-Jirachi-GX-Collection.png?fit=fill&bg=FFFFFF&w=300&h=214&auto=format,compress&trim=color&q=90&dpr=2&updated_at=1606932734', 'thumbUrl': 'https://stockx.imgix.net/images/2020-Pokemon-TCG-Jirachi-GX-Collection.png?fit=fill&bg=FFFFFF&w=140&h=100&auto=format,compress&trim=color&q=90&dpr=2&updated_at=1606932734', 'gallery': [], 'hidden': False}",Collection,collectibles,Pokemon TCG Collection,2020-Pokemon-TCG-Jirachi-GX-Collection,PTCG-2PTJC20,2020 Pokemon TCG Jirachi-GX Collection,"[{'name': 'Year', 'value': '2020', 'filterable': False, 'visible': True, 'highlight': False}]",2020-pokemon-tcg-jirachi-gx-collection,0,"{'productId': 0, 'skuUuid': '', 'productUuid': '54af354f-ebf6-4d29-a75e-5420adb5e175', 'lowestAsk': 27, 'lowestAskSize': '', 'parentLowestAsk': 0, 'numberOfAsks': 100, 'hasAsks': 1, 'salesThisPeriod': 29, 'salesLastPeriod': 0, 'highestBid': 25, 'highestBidSize': '', 'numberOfBids': 32, 'hasBids': 1, 'annualHigh': 55, 'annualLow': 23, 'deadstockRangeLow': 22, 'deadstockRangeHigh': 32, 'volatility': 0.1705, 'deadstockSold': 479, 'pricePremium': 0, 'averageDeadstockPrice': 29, 'lastSale': 27, 'lastSaleSize': '', 'salesLast72Hours': 29, 'changeValue': 0, 'changePercentage': 0, 'absChangePercentage': 0, 'totalDollars': 14083, 'lastLowestAskTime': 1608575130, 'lastHighestBidTime': 1608490032, 'lastSaleDate': '2020-12-21T18:24:36+00:00', 'createdAt': '2020-11-04T20:05:01+00:00', 'updatedAt': 1608575130, 'deadstockSoldRank': 90, 'pricePremiumRank': 28, 'averageDeadstockPriceRank': 39, 'featured': 0}","['collectibles', 'pokemon tcg', 'trading cards', 'sealed boxes']"
Pokemon TCG,Trading Cards Sealed Boxes,New,US,product,,standard,"{'imageUrl': 'https://stockx.imgix.net/images/2020-Pokemon-TCG-Sword-Shield-High-Class-Pack-Shiny-Star-V-Box.png?fit=fill&bg=FFFFFF&w=700&h=500&auto=format,compress&trim=color&q=90&dpr=2&updated_at=1607019080', 'smallImageUrl': 'https://stockx.imgix.net/images/2020-Pokemon-TCG-Sword-Shield-High-Class-Pack-Shiny-Star-V-Box.png?fit=fill&bg=FFFFFF&w=300&h=214&auto=format,compress&trim=color&q=90&dpr=2&updated_at=1607019080', 'thumbUrl': 'https://stockx.imgix.net/images/2020-Pokemon-TCG-Sword-Shield-High-Class-Pack-Shiny-Star-V-Box.png?fit=fill&bg=FFFFFF&w=140&h=100&auto=format,compress&trim=color&q=90&dpr=2&updated_at=1607019080', 'gallery': [], 'hidden': False}",High Class Pack Shiny Star V Box,collectibles,Pokemon TCG High Class Pack Shiny Star V Box,2020-Pokemon-TCG-Sword-Shield-High-Class-Pack-Shiny-Star-V-Box,PTCG-2PTSSHCPS,2020 Pokemon TCG Sword & Shield High Class Pack Shiny Star V Box,"[{'name': 'Year', 'value': '2020', 'filterable': False, 'visible': True, 'highlight': False}]",2020-pokemon-tcg-sword-shield-high-class-pack-shiny-star-v-box,0,"{'productId': 0, 'skuUuid': '', 'productUuid': 'e1d16acf-b1e9-4167-a107-697cec9c9eba', 'lowestAsk': 104, 'lowestAskSize': '', 'parentLowestAsk': 0, 'numberOfAsks': 107, 'hasAsks': 1, 'salesThisPeriod': 27, 'salesLastPeriod': 0, 'highestBid': 91, 'highestBidSize': '', 'numberOfBids': 22, 'hasBids': 1, 'annualHigh': 179, 'annualLow': 97, 'deadstockRangeLow': 95, 'deadstockRangeHigh': 115, 'volatility': 0.096349, 'deadstockSold': 127, 'pricePremium': 0, 'averageDeadstockPrice': 116, 'lastSale': 105, 'lastSaleSize': '', 'salesLast72Hours': 27, 'changeValue': 0, 'changePercentage': 0, 'absChangePercentage': 0, 'totalDollars': 14722, 'lastLowestAskTime': 1608575819, 'lastHighestBidTime': 1608407167, 'lastSaleDate': '2020-12-21T17:28:32+00:00', 'createdAt': '2020-12-03T18:11:21+00:00', 'updatedAt': 1608575819, 'deadstockSoldRank': 46, 'pricePremiumRank': 8, 'averageDeadstockPriceRank': 61, 'featured': 0}","['collectibles', 'pokemon tcg', 'trading cards', 'sealed boxes']"
Panini,Trading Cards Sealed Boxes,New,US,product,"The 2020 Panini Prizm Football Target Blaster Box comes with 4 cards per pack and 6 packs per box. In each 2020 Prizm Football Target Blaster Box you can find 1 Relic, 5 Disco Prizms, 3 Rookies, and 1 Silver Prizm on average. 2020 Panini Prizm Football released in November 2020. Included on the checklist are the Panini Prizm Football rookie cards for Joe Burrow, Tua Tagovailoa, Chase Young, D’Andre Swift, Justin Herbert, Jordan Love, and many more!",standard,"{'imageUrl': 'https://stockx.imgix.net/images/2020-Panini-Prizm-Football-Blaster-Box-Disco.png?fit=fill&bg=FFFFFF&w=700&h=500&auto=format,compress&trim=color&q=90&dpr=2&updated_at=1607011001', 'smallImageUrl': 'https://stockx.imgix.net/images/2020-Panini-Prizm-Football-Blaster-Box-Disco.png?fit=fill&bg=FFFFFF&w=300&h=214&auto=format,compress&trim=color&q=90&dpr=2&updated_at=1607011001', 'thumbUrl': 'https://stockx.imgix.net/images/2020-Panini-Prizm-Football-Blaster-Box-Disco.png?fit=fill&bg=FFFFFF&w=140&h=100&auto=format,compress&trim=color&q=90&dpr=2&updated_at=1607011001', 'gallery': [], 'hidden': False}",Football Blaster Box Disco,collectibles,Panini Football Blaster Box Disco,2020-Panini-Prizm-Football-Target-Blaster-Box,PN-2PPFTBB20,2020 Panini Prizm Football Blaster Box Disco,"[{'name': 'Year', 'value': '2020', 'filterable': False, 'visible': True, 'highlight': False}]",2020-panini-prizm-football-target-blaster-box,0,"{'productId': 0, 'skuUuid': '', 'productUuid': 'c2e52088-94dc-48db-a39e-fe1ffda667df', 'lowestAsk': 65, 'lowestAskSize': '', 'parentLowestAsk': 0, 'numberOfAsks': 27, 'hasAsks': 1, 'salesThisPeriod': 26, 'salesLastPeriod': 0, 'highestBid': 59, 'highestBidSize': '', 'numberOfBids': 25, 'hasBids': 1, 'annualHigh': 160, 'annualLow': 55, 'deadstockRangeLow': 52, 'deadstockRangeHigh': 60, 'volatility': 0.066466, 'deadstockSold': 203, 'pricePremium': 0, 'averageDeadstockPrice': 76, 'lastSale': 56, 'lastSaleSize': '', 'salesLast72Hours': 26, 'changeValue': -4, 'changePercentage': -0.066667, 'absChangePercentage': 0.066667, 'totalDollars': 15418, 'lastLowestAskTime': 1608563416, 'lastHighestBidTime': 1608375665, 'lastSaleDate': '2020-12-21T13:16:09+00:00', 'createdAt': '2020-11-04T20:05:02+00:00', 'updatedAt': 1608570622, 'deadstockSoldRank': 13, 'pricePremiumRank': 56, 'averageDeadstockPriceRank': 39, 'featured': 0}","['collectibles', 'panini', 'trading cards', 'sealed boxes', 'football', '2020']"
Pokemon TCG,Trading Cards Sealed Boxes,New,US,product,"Take on the strongest trainers in the Galar region with the 2020 Pokemon TCG Champion's Path Elite Trainers box. Each box comes epuipped with 10 Pokemon TCG: Champion's Path booster packs, 1 full art promo card of Charizard V, 65 card sleeves featuring Gigantamax Charizard, 45 Pokemon TCG Energy cards, a players guide to the Champion's path expansion, a Pokemon TCG rulebook, 6 damage-counter dice, and a collector's box to hold everything. Break the box to search for Charizard V SCR, Charizard VMAX SCR, and many more! Now add to your collection with the first major release since Champion's Path with the <a href=""https://stockx.com/2020-pokemon-tcg-sword-shield-vivid-voltage-elite-trainer-box"">Sword & Shield—Vivid Voltage expansion.</a>",standard,"{'imageUrl': 'https://stockx.imgix.net/images/2020-Pokemon-TCG-Champions-Path-Elite-Trainer-Box-2X-Lot.png?fit=fill&bg=FFFFFF&w=700&h=500&auto=format,compress&trim=color&q=90&dpr=2&updated_at=1605835811', 'smallImageUrl': 'https://stockx.imgix.net/images/2020-Pokemon-TCG-Champions-Path-Elite-Trainer-Box-2X-Lot.png?fit=fill&bg=FFFFFF&w=300&h=214&auto=format,compress&trim=color&q=90&dpr=2&updated_at=1605835811', 'thumbUrl': 'https://stockx.imgix.net/images/2020-Pokemon-TCG-Champions-Path-Elite-Trainer-Box-2X-Lot.png?fit=fill&bg=FFFFFF&w=140&h=100&auto=format,compress&trim=color&q=90&dpr=2&updated_at=1605835811', 'gallery': [], 'hidden': False}",Champions Path Elite Trainer Box 2X Lot,collectibles,Pokemon TCG Champions Path Elite Trainer Box 2X Lot,2020-Pokemon-TCG-Champions-Path-Elite-Trainer-Box-2X-Lot,PTCG-2PTCPET20,2020 Pokemon TCG Champions Path Elite Trainer Box 2X Lot,"[{'name': 'Year', 'value': '2020', 'filterable': False, 'visible': True, 'highlight': False}]",2020-pokemon-tcg-champions-path-elite-trainer-box-2x-lot,0,"{'productId': 0, 'skuUuid': '', 'productUuid': '45c79825-5dfa-489b-8576-cdac7130e9ba', 'lowestAsk': 115, 'lowestAskSize': '', 'parentLowestAsk': 0, 'numberOfAsks': 132, 'hasAsks': 1, 'salesThisPeriod': 21, 'salesLastPeriod': 0, 'highestBid': 106, 'highestBidSize': '', 'numberOfBids': 48, 'hasBids': 1, 'annualHigh': 227, 'annualLow': 107, 'deadstockRangeLow': 109, 'deadstockRangeHigh': 121, 'volatility': 0.051193, 'deadstockSold': 704, 'pricePremium': 0, 'averageDeadstockPrice': 136, 'lastSale': 115, 'lastSaleSize': '', 'salesLast72Hours': 21, 'changeValue': 8, 'changePercentage': 0.074766, 'absChangePercentage': 0.074766, 'totalDollars': 95870, 'lastLowestAskTime': 1608523417, 'lastHighestBidTime': 1608551971, 'lastSaleDate': '2020-12-21T18:14:14+00:00', 'createdAt': '2020-10-15T15:22:38+00:00', 'updatedAt': 1608575067, 'deadstockSoldRank': 29, 'pricePremiumRank': 11, 'averageDeadstockPriceRank': 15, 'featured': 0}","['collectibles', 'pokemon tcg', 'trading cards', 'sealed boxes']"
